Vertices,Time
10,20
20,22
30,31
40,42
50,42
60,43
70,76
80,67
90,89
100,69
110,91
120,46
130,44
140,25
150,55
160,51
170,80
180,26
190,118
200,83
210,56
220,51
230,60
240,60
250,92
260,107
270,92
280,122
290,32
300,60
310,76
320,94
330,48
340,31
350,104
360,78
370,75
380,98
390,103
400,176
410,102
420,69
430,49
440,139
450,57
460,56
470,119
480,121
490,95
500,73
510,67
520,184
530,134
540,101
550,51
560,98
570,70
580,53
590,78
600,145
610,162
620,110
630,21
640,146
650,132
660,253
670,66
680,76
690,220
700,58
710,139
720,42
730,174
740,77
750,189
760,81
770,213
780,112
790,170
800,150
810,25
820,91
830,72
840,183
850,78
860,131
870,112
880,97
890,100
900,128
910,194
920,95
930,127
940,22
950,192
960,177
970,88
980,139
990,60
1000,135
1010,93
1020,134
1030,123
1040,111
1050,137
1060,107
1070,240
1080,174
1090,61
1100,141
1110,137
1120,129
1130,113
1140,100
1150,137
1160,25
1170,100
1180,213
1190,134
1200,116
1210,139
1220,286
1230,129
1240,99
1250,111
1260,72
1270,59
1280,119
1290,186
1300,160
1310,177
1320,172
1330,148
1340,199
1350,170
1360,126
1370,57
1380,65
1390,35
1400,115
1410,188
1420,202
1430,276
1440,159
1450,137
1460,124
1470,274
1480,88
1490,132
1500,124
1510,124
1520,235
1530,265
1540,131
1550,151
1560,52
1570,257
1580,269
1590,220
1600,126
1610,142
1620,166
1630,139
1640,281
1650,137
1660,288
1670,125
1680,156
1690,176
1700,43
1710,315
1720,152
1730,81
1740,85
1750,188
1760,67
1770,115
1780,179
1790,148
1800,153
1810,169
1820,75
1830,159
1840,204
1850,179
1860,270
1870,252
1880,131
1890,92
1900,122
1910,316
1920,283
1930,282
1940,312
1950,82
1960,169
1970,242
1980,198
1990,226
2000,147
2010,253
2020,113
2030,255
2040,128
2050,233
2060,171
2070,109
2080,142
2090,280
2100,224
2110,219
2120,190
2130,161
2140,50
2150,167
2160,130
2170,320
2180,103
2190,61
2200,281
2210,289
2220,381
2230,247
2240,211
2250,423
2260,173
2270,279
2280,92
2290,107
2300,121
2310,167
2320,517
2330,303
2340,316
2350,120
2360,149
2370,222
2380,373
2390,287
2400,182
2410,83
2420,166
2430,172
2440,120
2450,332
2460,188
2470,248
2480,93
2490,316
2500,51
2510,175
2520,147
2530,288
2540,195
2550,110
2560,53
2570,187
2580,221
2590,68
2600,221
2610,191
2620,300
2630,390
2640,331
2650,157
2660,122
2670,98
2680,380
2690,192
2700,267
2710,72
2720,420
2730,252
2740,153
2750,226
2760,387
2770,190
2780,350
2790,297
2800,210
2810,112
2820,346
2830,202
2840,82
2850,447
2860,148
2870,116
2880,139
2890,400
2900,299
2910,392
2920,194
2930,153
2940,161
2950,232
2960,120
2970,296
2980,344
2990,190
3000,201
3010,221
3020,141
3030,432
3040,238
3050,140
3060,305
3070,250
3080,200
3090,253
3100,143
3110,157
3120,145
3130,270
3140,271
3150,172
3160,103
3170,106
3180,138
3190,376
3200,456
3210,74
3220,206
3230,255
3240,313
3250,203
3260,182
3270,188
3280,98
3290,171
3300,346
3310,383
3320,129
3330,446
3340,294
3350,174
3360,178
3370,37
3380,128
3390,143
3400,199
3410,238
3420,361
3430,334
3440,157
3450,156
3460,199
3470,304
3480,236
3490,272
3500,170
3510,438
3520,418
3530,182
3540,525
3550,373
3560,302
3570,142
3580,499
3590,176
3600,128
3610,409
3620,303
3630,130
3640,254
3650,559
3660,376
3670,189
3680,216
3690,196
3700,240
3710,453
3720,557
3730,148
3740,217
3750,234
3760,250
3770,261
3780,230
3790,87
3800,366
3810,308
3820,93
3830,416
3840,336
3850,130
3860,452
3870,241
3880,218
3890,340
3900,309
3910,389
3920,300
3930,123
3940,247
3950,179
3960,211
3970,64
3980,168
3990,381
4000,167
4010,185
4020,434
4030,271
4040,177
4050,374
4060,279
4070,108
4080,188
4090,256
4100,118
4110,132
4120,272
4130,159
4140,69
4150,273
4160,265
4170,88
4180,170
4190,291
4200,287
4210,391
4220,413
4230,198
4240,233
4250,155
4260,295
4270,201
4280,518
4290,233
4300,344
4310,265
4320,192
4330,398
4340,686
4350,396
4360,135
4370,393
4380,143
4390,209
4400,136
4410,229
4420,406
4430,265
4440,272
4450,84
4460,278
4470,383
4480,574
4490,126
4500,198
4510,315
4520,485
4530,224
4540,263
4550,754
4560,338
4570,209
4580,90
4590,296
4600,154
4610,330
4620,364
4630,246
4640,407
4650,256
4660,391
4670,440
4680,384
4690,383
4700,27
4710,92
4720,217
4730,460
4740,220
4750,290
4760,335
4770,307
4780,57
4790,249
4800,301
4810,384
4820,559
4830,158
4840,331
4850,267
4860,470
4870,404
4880,148
4890,196
4900,240
4910,284
4920,482
4930,450
4940,326
4950,374
4960,200
4970,416
4980,343
4990,280
5000,271
5010,285
5020,300
5030,228
5040,379
5050,391
5060,123
5070,353
5080,211
5090,174
5100,612
5110,347
5120,378
5130,148
5140,287
5150,225
5160,294
5170,383
5180,290
5190,238
5200,265
5210,413
5220,95
5230,192
5240,447
5250,163
5260,229
5270,70
5280,552
5290,371
5300,318
5310,229
5320,366
5330,313
5340,188
5350,333
5360,272
5370,359
5380,430
5390,219
5400,453
5410,313
5420,307
5430,210
5440,131
5450,162
5460,312
5470,217
5480,226
5490,294
5500,444
5510,455
5520,112
5530,499
5540,478
5550,106
5560,375
5570,307
5580,506
5590,63
5600,240
5610,580
5620,364
5630,87
5640,268
5650,147
5660,228
5670,296
5680,216
5690,348
5700,525
5710,252
5720,45
5730,435
5740,442
5750,274
5760,255
5770,543
5780,324
5790,288
5800,425
5810,456
5820,177
5830,326
5840,495
5850,42
5860,225
5870,266
5880,311
5890,330
5900,324
5910,258
5920,499
5930,282
5940,172
5950,327
5960,376
5970,193
5980,349
5990,297
6000,347
6010,150
6020,231
6030,323
6040,443
6050,293
6060,716
6070,210
6080,396
6090,399
6100,178
6110,364
6120,251
6130,390
6140,156
6150,294
6160,314
6170,686
6180,350
6190,433
6200,183
6210,360
6220,505
6230,394
6240,368
6250,280
6260,274
6270,523
6280,195
6290,31
6300,133
6310,233
6320,315
6330,239
6340,111
6350,346
6360,59
6370,394
6380,982
6390,338
6400,170
6410,380
6420,397
6430,276
6440,425
6450,347
6460,139
6470,119
6480,220
6490,450
6500,190
6510,64
6520,79
6530,324
6540,302
6550,260
6560,179
6570,257
6580,380
6590,337
6600,890
6610,617
6620,277
6630,195
6640,322
6650,330
6660,70
6670,319
6680,451
6690,181
6700,106
6710,614
6720,457
6730,320
6740,468
6750,195
6760,367
6770,403
6780,143
6790,288
6800,250
6810,74
6820,725
6830,376
6840,262
6850,602
6860,333
6870,264
6880,358
6890,403
6900,200
6910,477
6920,108
6930,667
6940,390
6950,215
6960,510
6970,448
6980,210
6990,298
7000,174
7010,404
7020,432
7030,277
7040,525
7050,184
7060,261
7070,274
7080,428
7090,365
7100,434
7110,441
7120,314
7130,415
7140,220
7150,319
7160,379
7170,463
7180,354
7190,219
7200,267
7210,379
7220,646
7230,197
7240,320
7250,375
7260,351
7270,94
7280,864
7290,304
7300,361
7310,620
7320,445
7330,240
7340,348
7350,541
7360,122
7370,199
7380,163
7390,164
7400,341
7410,175
7420,446
7430,294
7440,515
7450,246
7460,217
7470,295
7480,329
7490,290
7500,374
7510,194
7520,129
7530,286
7540,497
7550,484
7560,253
7570,429
7580,253
7590,408
7600,559
7610,389
7620,187
7630,275
7640,294
7650,222
7660,164
7670,130
7680,289
7690,165
7700,253
7710,585
7720,310
7730,541
7740,572
7750,160
7760,131
7770,467
7780,339
7790,295
7800,323
7810,99
7820,267
7830,570
7840,475
7850,232
7860,397
7870,517
7880,150
7890,185
7900,132
7910,302
7920,425
7930,235
7940,451
7950,185
7960,390
7970,329
7980,477
7990,497
8000,511
8010,253
8020,224
8030,561
8040,501
8050,535
8060,128
8070,565
8080,287
8090,178
8100,237
8110,448
8120,342
8130,83
8140,507
8150,372
8160,573
8170,578
8180,463
8190,223
8200,59
8210,396
8220,416
8230,257
8240,641
8250,233
8260,315
8270,443
8280,414
8290,396
8300,427
8310,611
8320,333
8330,337
8340,385
8350,292
8360,203
8370,331
8380,318
8390,429
8400,198
8410,129
8420,616
8430,141
8440,297
8450,529
8460,285
8470,77
8480,497
8490,248
8500,494
8510,206
8520,523
8530,479
8540,169
8550,594
8560,1004
8570,213
8580,559
8590,640
8600,281
8610,364
8620,307
8630,344
8640,477
8650,360
8660,192
8670,103
8680,448
8690,482
8700,413
8710,500
8720,238
8730,295
8740,122
8750,197
8760,520
8770,166
8780,425
8790,490
8800,164
8810,272
8820,438
8830,468
8840,297
8850,182
8860,232
8870,177
8880,257
8890,140
8900,238
8910,740
8920,272
8930,309
8940,669
8950,427
8960,633
8970,561
8980,470
8990,446
9000,664
9010,79
9020,172
9030,502
9040,460
9050,272
9060,85
9070,484
9080,635
9090,435
9100,454
9110,374
9120,337
9130,154
9140,410
9150,372
9160,475
9170,627
9180,615
9190,127
9200,367
9210,164
9220,423
9230,284
9240,396
9250,340
9260,384
9270,327
9280,253
9290,162
9300,226
9310,563
9320,98
9330,128
9340,508
9350,421
9360,310
9370,629
9380,370
9390,65
9400,180
9410,242
9420,703
9430,503
9440,75
9450,305
9460,227
9470,130
9480,325
9490,306
9500,225
9510,225
9520,729
9530,254
9540,291
9550,538
9560,429
9570,268
9580,737
9590,655
9600,410
9610,252
9620,87
9630,435
9640,376
9650,589
9660,188
9670,218
9680,355
9690,281
9700,526
9710,479
9720,249
9730,295
9740,296
9750,113
9760,132
9770,410
9780,101
9790,179
9800,387
9810,157
9820,442
9830,240
9840,579
9850,406
9860,595
9870,248
9880,194
9890,171
9900,427
9910,243
9920,745
9930,305
9940,276
9950,602
9960,299
9970,286
9980,600
9990,525
10000,647
10010,383
10020,311
10030,359
10040,630
10050,317
10060,282
10070,283
10080,525
10090,451
10100,426
10110,484
10120,488
10130,436
10140,387
10150,281
10160,727
10170,651
10180,226
10190,448
10200,588
10210,76
10220,429
10230,122
10240,116
10250,343
10260,233
10270,667
10280,103
10290,532
10300,589
10310,361
10320,140
10330,801
10340,344
10350,216
10360,541
10370,132
10380,667
10390,618
10400,276
10410,218
10420,611
10430,557
10440,535
10450,359
10460,164
10470,300
10480,555
10490,540
10500,557
10510,408
10520,798
10530,418
10540,692
10550,411
10560,577
10570,533
10580,140
10590,642
10600,724
10610,525
10620,175
10630,184
10640,418
10650,333
10660,915
10670,393
10680,442
10690,241
10700,447
10710,121
10720,404
10730,453
10740,128
10750,970
10760,487
10770,223
10780,480
10790,568
10800,382
10810,440
10820,129
10830,355
10840,240
10850,525
10860,129
10870,153
10880,546
10890,707
10900,588
10910,791
10920,134
10930,349
10940,397
10950,617
10960,290
10970,642
10980,410
10990,460
11000,982
11010,122
11020,490
11030,352
11040,204
11050,297
11060,493
11070,250
11080,951
11090,52
11100,697
11110,207
11120,446
11130,269
11140,183
11150,256
11160,598
11170,628
11180,467
11190,468
11200,241
11210,298
11220,125
11230,549
11240,430
11250,357
11260,262
11270,855
11280,30
11290,439
11300,861
11310,322
11320,316
11330,723
11340,264
11350,473
11360,462
11370,508
11380,284
11390,545
11400,552
11410,269
11420,668
11430,507
11440,434
11450,395
11460,333
11470,502
11480,635
11490,598
11500,646
11510,613
11520,218
11530,184
11540,572
11550,676
11560,428
11570,198
11580,510
11590,694
11600,654
11610,1054
11620,585
11630,213
11640,321
11650,533
11660,302
11670,172
11680,482
11690,247
11700,551
11710,655
11720,554
11730,1069
11740,348
11750,485
11760,555
11770,366
11780,458
11790,578
11800,517
11810,369
11820,372
11830,394
11840,581
11850,843
11860,333
11870,285
11880,809
11890,334
11900,426
11910,677
11920,368
11930,520
11940,331
11950,586
11960,651
11970,357
11980,1060
11990,193
12000,1127
12010,335
12020,647
12030,314
12040,394
12050,1018
12060,376
12070,277
12080,287
12090,80
12100,767
12110,485
12120,292
12130,820
12140,200
12150,339
12160,375
12170,312
12180,216
12190,368
12200,360
12210,557
12220,607
12230,654
12240,238
12250,464
12260,222
12270,265
12280,235
12290,291
12300,127
12310,413
12320,335
12330,322
12340,731
12350,669
12360,145
12370,750
12380,540
12390,753
12400,676
12410,512
12420,440
12430,632
12440,164
12450,151
12460,469
12470,253
12480,538
12490,483
12500,509
12510,643
12520,200
12530,385
12540,560
12550,379
12560,418
12570,685
12580,558
12590,423
12600,226
12610,779
12620,506
12630,665
12640,602
12650,742
12660,706
12670,404
12680,393
12690,792
12700,417
12710,808
12720,246
12730,377
12740,587
12750,516
12760,651
12770,933
12780,464
12790,392
12800,266
12810,696
12820,614
12830,359
12840,449
12850,185
12860,417
12870,424
12880,235
12890,582
12900,62
12910,337
12920,879
12930,635
12940,189
12950,530
12960,620
12970,375
12980,222
12990,660
13000,554
13010,135
13020,540
13030,396
13040,256
13050,423
13060,627
13070,370
13080,564
13090,316
13100,254
13110,746
13120,344
13130,544
13140,468
13150,361
13160,336
13170,213
13180,166
13190,382
13200,969
13210,512
13220,646
13230,133
13240,360
13250,241
13260,178
13270,608
13280,495
13290,732
13300,248
13310,443
13320,618
13330,379
13340,744
13350,487
13360,353
13370,836
13380,208
13390,173
13400,862
13410,90
13420,682
13430,627
13440,658
13450,264
13460,500
13470,169
13480,783
13490,312
13500,375
13510,200
13520,777
13530,495
13540,390
13550,538
13560,114
13570,249
13580,393
13590,310
13600,350
13610,480
13620,433
13630,378
13640,609
13650,479
13660,562
13670,523
13680,311
13690,1007
13700,103
13710,332
13720,440
13730,490
13740,455
13750,220
13760,330
13770,415
13780,197
13790,474
13800,314
13810,426
13820,296
13830,693
13840,316
13850,362
13860,478
13870,405
13880,360
13890,516
13900,779
13910,171
13920,635
13930,401
13940,162
13950,371
13960,409
13970,633
13980,493
13990,634
14000,352
14010,649
14020,176
14030,235
14040,421
14050,564
14060,538
14070,487
14080,653
14090,559
14100,567
14110,572
14120,362
14130,689
14140,285
14150,518
14160,540
14170,110
14180,109
14190,961
14200,698
14210,196
14220,334
14230,135
14240,1019
14250,658
14260,295
14270,355
14280,586
14290,369
14300,656
14310,421
14320,171
14330,288
14340,630
14350,754
14360,602
14370,1114
14380,422
14390,384
14400,576
14410,524
14420,425
14430,151
14440,226
14450,766
14460,571
14470,729
14480,565
14490,421
14500,464
14510,149
14520,355
14530,387
14540,226
14550,266
14560,167
14570,546
14580,958
14590,509
14600,480
14610,380
14620,318
14630,607
14640,159
14650,724
14660,468
14670,168
14680,349
14690,450
14700,525
14710,508
14720,598
14730,225
14740,287
14750,530
14760,716
14770,535
14780,481
14790,307
14800,986
14810,89
14820,389
14830,257
14840,126
14850,280
14860,425
14870,620
14880,589
14890,354
14900,836
14910,209
14920,607
14930,339
14940,715
14950,905
14960,760
14970,350
14980,307
14990,500
15000,199
15010,333
15020,564
15030,266
15040,544
15050,632
15060,542
15070,710
15080,407
15090,528
15100,443
15110,475
15120,263
15130,512
15140,414
15150,142
15160,362
15170,344
15180,347
15190,301
15200,368
15210,809
15220,526
15230,249
15240,721
15250,467
15260,544
15270,369
15280,474
15290,302
15300,194
15310,637
15320,867
15330,332
15340,653
15350,214
15360,341
15370,889
15380,234
15390,655
15400,462
15410,487
15420,549
15430,441
15440,311
15450,747
15460,373
15470,574
15480,321
15490,908
15500,632
15510,466
15520,910
15530,606
15540,495
15550,235
15560,668
15570,247
15580,513
15590,330
15600,364
15610,116
15620,949
15630,775
15640,283
15650,632
15660,308
15670,820
15680,432
15690,618
15700,306
15710,615
15720,487
15730,1247
15740,589
15750,501
15760,232
15770,1099
15780,276
15790,766
15800,246
15810,385
15820,289
15830,1020
15840,470
15850,540
15860,779
15870,643
15880,297
15890,922
15900,83
15910,733
15920,214
15930,1283
15940,785
15950,175
15960,662
15970,846
15980,216
15990,1096
16000,256
16010,263
16020,442
16030,328
16040,163
16050,432
16060,317
16070,277
16080,488
16090,578
16100,331
16110,608
16120,811
16130,165
16140,1023
16150,611
16160,387
16170,231
16180,705
16190,421
16200,502
16210,1025
16220,786
16230,52
16240,678
16250,309
16260,989
16270,270
16280,316
16290,613
16300,627
16310,379
16320,663
16330,523
16340,743
16350,230
16360,466
16370,178
16380,544
16390,206
16400,553
16410,488
16420,627
16430,288
16440,422
16450,453
16460,466
16470,296
16480,811
16490,206
16500,407
16510,397
16520,545
16530,138
16540,256
16550,856
16560,456
16570,596
16580,344
16590,68
16600,292
16610,676
16620,431
16630,650
16640,970
16650,783
16660,429
16670,491
16680,70
16690,786
16700,376
16710,393
16720,805
16730,669
16740,440
16750,470
16760,847
16770,431
16780,572
16790,438
16800,431
16810,238
16820,1010
16830,312
16840,601
16850,587
16860,698
16870,517
16880,400
16890,257
16900,267
16910,216
16920,65
16930,191
16940,143
16950,848
16960,639
16970,197
16980,460
16990,853
17000,701
17010,652
17020,712
17030,247
17040,863
17050,727
17060,562
17070,393
17080,983
17090,210
17100,589
17110,447
17120,491
17130,798
17140,436
17150,287
17160,630
17170,424
17180,571
17190,199
17200,530
17210,834
17220,703
17230,717
17240,492
17250,951
17260,182
17270,1344
17280,593
17290,600
17300,361
17310,736
17320,839
17330,1148
17340,754
17350,501
17360,877
17370,53
17380,940
17390,559
17400,694
17410,376
17420,877
17430,538
17440,1455
17450,325
17460,664
17470,587
17480,671
17490,997
17500,889
17510,709
17520,702
17530,1007
17540,169
17550,653
17560,710
17570,95
17580,751
17590,733
17600,154
17610,228
17620,868
17630,395
17640,754
17650,244
17660,748
17670,1081
17680,496
17690,583
17700,738
17710,699
17720,482
17730,490
17740,999
17750,1060
17760,226
17770,407
17780,566
17790,1030
17800,892
17810,1075
17820,673
17830,973
17840,800
17850,641
17860,587
17870,494
17880,864
17890,690
17900,563
17910,91
17920,752
17930,874
17940,697
17950,412
17960,617
17970,506
17980,940
17990,730
18000,222
18010,1057
18020,383
18030,135
18040,376
18050,441
18060,384
18070,667
18080,684
18090,396
18100,634
18110,534
18120,518
18130,907
18140,1046
18150,548
18160,797
18170,891
18180,535
18190,293
18200,768
18210,158
18220,925
18230,735
18240,550
18250,737
18260,671
18270,312
18280,685
18290,575
18300,834
18310,684
18320,460
18330,692
18340,800
18350,694
18360,628
18370,528
18380,416
18390,787
18400,864
18410,562
18420,270
18430,166
18440,731
18450,255
18460,757
18470,136
18480,480
18490,700
18500,310
18510,959
18520,426
18530,1144
18540,479
18550,462
18560,470
18570,259
18580,260
18590,677
18600,593
18610,56
18620,325
18630,528
18640,293
18650,650
18660,588
18670,426
18680,543
18690,176
18700,1314
18710,239
18720,613
18730,323
18740,320
18750,542
18760,355
18770,1015
18780,1013
18790,262
18800,456
18810,225
18820,769
18830,152
18840,804
18850,403
18860,759
18870,725
18880,238
18890,177
18900,96
18910,485
18920,487
18930,716
18940,578
18950,531
18960,682
18970,1102
18980,791
18990,486
19000,583
19010,1241
19020,836
19030,346
19040,1039
19050,362
19060,356
19070,641
19080,525
19090,390
19100,350
19110,230
19120,658
19130,399
19140,870
19150,555
19160,571
19170,105
19180,641
19190,155
19200,581
19210,804
19220,166
19230,201
19240,155
19250,416
19260,530
19270,614
19280,418
19290,699
19300,629
19310,721
19320,300
19330,411
19340,441
19350,333
19360,372
19370,404
19380,550
19390,804
19400,684
19410,492
19420,379
19430,1320
19440,923
19450,702
19460,288
19470,536
19480,101
19490,553
19500,299
19510,222
19520,688
19530,603
19540,125
19550,805
19560,1225
19570,706
19580,936
19590,36
19600,1057
19610,45
19620,127
19630,190
19640,456
19650,352
19660,728
19670,383
19680,524
19690,635
19700,240
19710,227
19720,608
19730,532
19740,508
19750,582
19760,804
19770,898
19780,949
19790,733
19800,659
19810,707
19820,572
19830,252
19840,330
19850,207
19860,324
19870,447
19880,412
19890,566
19900,630
19910,647
19920,361
19930,947
19940,672
19950,334
19960,590
19970,732
19980,143
19990,634
20000,323
20010,343
20020,234
20030,363
20040,582
20050,431
20060,196
20070,233
20080,177
20090,1133
20100,531
20110,600
20120,549
20130,700
20140,327
20150,623
20160,345
20170,287
20180,129
20190,193
20200,1154
20210,584
20220,368
20230,284
20240,712
20250,505
20260,336
20270,326
20280,626
20290,620
20300,411
20310,424
20320,98
20330,418
20340,508
20350,195
20360,429
20370,1046
20380,404
20390,507
20400,807
20410,204
20420,336
20430,399
20440,528
20450,668
20460,916
20470,631
20480,682
20490,1004
20500,232
20510,1080
20520,405
20530,573
20540,696
20550,330
20560,500
20570,345
20580,746
20590,749
20600,427
20610,592
20620,433
20630,144
20640,286
20650,652
20660,234
20670,361
20680,768
20690,497
20700,298
20710,243
20720,579
20730,243
20740,323
20750,503
20760,135
20770,493
20780,514
20790,1063
20800,642
20810,415
20820,867
20830,496
20840,643
20850,738
20860,356
20870,382
20880,545
20890,437
20900,460
20910,287
20920,559
20930,379
20940,674
20950,398
20960,169
20970,176
20980,1035
20990,504
21000,429
21010,507
21020,210
21030,312
21040,719
21050,181
21060,855
21070,334
21080,477
21090,435
21100,423
21110,542
21120,993
21130,309
21140,368
21150,619
21160,620
21170,681
21180,1627
21190,889
21200,761
21210,749
21220,1109
21230,343
21240,392
21250,546
21260,308
21270,396
21280,518
21290,695
21300,788
21310,801
21320,279
21330,409
21340,141
21350,391
21360,505
21370,491
21380,688
21390,569
21400,213
21410,810
21420,202
21430,701
21440,299
21450,423
21460,520
21470,413
21480,257
21490,593
21500,514
21510,725
21520,404
21530,646
21540,694
21550,584
21560,679
21570,282
21580,917
21590,405
21600,487
21610,157
21620,1509
21630,148
21640,557
21650,755
21660,334
21670,528
21680,948
21690,476
21700,283
21710,324
21720,468
21730,814
21740,399
21750,476
21760,502
21770,744
21780,455
21790,523
21800,274
21810,753
21820,710
21830,1007
21840,211
21850,694
21860,684
21870,583
21880,573
21890,509
21900,544
21910,422
21920,453
21930,722
21940,656
21950,137
21960,267
21970,596
21980,744
21990,334
22000,101
22010,320
22020,392
22030,702
22040,1247
22050,1005
22060,355
22070,831
22080,913
22090,485
22100,239
22110,245
22120,348
22130,230
22140,556
22150,659
22160,443
22170,245
22180,303
22190,642
22200,461
22210,490
22220,422
22230,911
22240,220
22250,632
22260,902
22270,647
22280,672
22290,634
22300,1168
22310,748
22320,566
22330,268
22340,797
22350,1042
22360,626
22370,493
22380,789
22390,994
22400,373
22410,412
22420,399
22430,328
22440,188
22450,400
22460,369
22470,599
22480,761
22490,821
22500,552
22510,496
22520,541
22530,611
22540,912
22550,892
22560,524
22570,593
22580,1652
22590,198
22600,605
22610,562
22620,104
22630,814
22640,556
22650,230
22660,490
22670,215
22680,876
22690,433
22700,746
22710,740
22720,734
22730,459
22740,459
22750,467
22760,567
22770,577
22780,1045
22790,446
22800,300
22810,719
22820,399
22830,523
22840,1225
22850,344
22860,730
22870,267
22880,851
22890,792
22900,290
22910,631
22920,103
22930,1102
22940,503
22950,799
22960,525
22970,483
22980,419
22990,374
23000,597
23010,854
23020,442
23030,560
23040,1140
23050,1025
23060,558
23070,355
23080,770
23090,250
23100,689
23110,994
23120,812
23130,293
23140,305
23150,1205
23160,815
23170,178
23180,443
23190,797
23200,379
23210,423
23220,333
23230,550
23240,863
23250,489
23260,518
23270,666
23280,434
23290,637
23300,828
23310,522
23320,242
23330,478
23340,529
23350,55
23360,581
23370,630
23380,572
23390,537
23400,464
23410,752
23420,310
23430,530
23440,756
23450,871
23460,702
23470,364
23480,840
23490,199
23500,467
23510,174
23520,178
23530,904
23540,804
23550,105
23560,58
23570,493
23580,302
23590,673
23600,454
23610,1026
23620,552
23630,672
23640,616
23650,279
23660,354
23670,388
23680,954
23690,498
23700,899
23710,654
23720,508
23730,229
23740,420
23750,275
23760,816
23770,754
23780,353
23790,296
23800,317
23810,643
23820,280
23830,306
23840,365
23850,497
23860,741
23870,736
23880,606
23890,952
23900,706
23910,302
23920,811
23930,202
23940,530
23950,261
23960,501
23970,664
23980,388
23990,721
24000,803
24010,530
24020,420
24030,727
24040,494
24050,491
24060,1041
24070,999
24080,523
24090,380
24100,701
24110,375
24120,720
24130,205
24140,975
24150,558
24160,176
24170,607
24180,522
24190,453
24200,925
24210,378
24220,102
24230,686
24240,938
24250,740
24260,1738
24270,671
24280,832
24290,621
24300,382
24310,754
24320,564
24330,676
24340,450
24350,372
24360,636
24370,352
24380,301
24390,187
24400,713
24410,433
24420,276
24430,439
24440,649
24450,707
24460,301
24470,77
24480,477
24490,667
24500,443
24510,284
24520,709
24530,513
24540,747
24550,693
24560,402
24570,1115
24580,498
24590,353
24600,435
24610,832
24620,506
24630,476
24640,565
24650,844
24660,724
24670,587
24680,727
24690,491
24700,428
24710,667
24720,779
24730,408
24740,226
24750,621
24760,707
24770,597
24780,473
24790,498
24800,602
24810,591
24820,645
24830,627
24840,702
24850,746
24860,116
24870,815
24880,856
24890,868
24900,125
24910,278
24920,328
24930,548
24940,234
24950,431
24960,872
24970,387
24980,1082
24990,670
25000,773
25010,188
25020,1162
25030,353
25040,1051
25050,454
25060,846
25070,668
25080,557
25090,411
25100,261
25110,617
25120,742
25130,347
25140,930
25150,510
25160,756
25170,411
25180,254
25190,977
25200,1221
25210,720
25220,759
25230,636
25240,456
25250,285
25260,529
25270,607
25280,647
25290,181
25300,793
25310,307
25320,494
25330,196
25340,577
25350,211
25360,480
25370,302
25380,563
25390,555
25400,390
25410,151
25420,260
25430,793
25440,222
25450,264
25460,572
25470,631
25480,709
25490,599
25500,262
25510,519
25520,870
25530,541
25540,195
25550,462
25560,654
25570,469
25580,1133
25590,768
25600,261
25610,216
25620,520
25630,141
25640,633
25650,751
25660,628
25670,394
25680,721
25690,426
25700,593
25710,508
25720,277
25730,1315
25740,427
25750,461
25760,447
25770,588
25780,666
25790,1061
25800,607
25810,337
25820,643
25830,351
25840,1020
25850,228
25860,727
25870,311
25880,321
25890,1149
25900,383
25910,296
25920,479
25930,489
25940,759
25950,679
25960,486
25970,587
25980,492
25990,532
26000,735
26010,276
26020,1264
26030,1290
26040,384
26050,460
26060,366
26070,383
26080,167
26090,810
26100,568
26110,286
26120,567
26130,897
26140,405
26150,473
26160,634
26170,202
26180,316
26190,353
26200,225
26210,875
26220,658
26230,422
26240,505
26250,812
26260,751
26270,966
26280,692
26290,485
26300,287
26310,889
26320,820
26330,850
26340,451
26350,1114
26360,457
26370,962
26380,226
26390,859
26400,279
26410,447
26420,303
26430,944
26440,217
26450,1084
26460,940
26470,564
26480,556
26490,536
26500,706
26510,548
26520,759
26530,471
26540,641
26550,899
26560,699
26570,568
26580,448
26590,334
26600,800
26610,751
26620,484
26630,242
26640,532
26650,468
26660,450
26670,672
26680,925
26690,436
26700,366
26710,1057
26720,802
26730,767
26740,983
26750,457
26760,369
26770,414
26780,712
26790,763
26800,896
26810,503
26820,803
26830,605
26840,312
26850,820
26860,393
26870,573
26880,973
26890,722
26900,487
26910,402
26920,846
26930,580
26940,212
26950,1059
26960,1009
26970,442
26980,1202
26990,722
27000,337
27010,1219
27020,1254
27030,678
27040,1118
27050,382
27060,976
27070,1293
27080,756
27090,437
27100,558
27110,444
27120,617
27130,777
27140,2135
27150,687
27160,611
27170,657
27180,723
27190,665
27200,521
27210,652
27220,489
27230,298
27240,866
27250,202
27260,350
27270,350
27280,321
27290,1188
27300,450
27310,566
27320,224
27330,703
27340,1239
27350,688
27360,283
27370,698
27380,527
27390,1161
27400,659
27410,1125
27420,529
27430,242
27440,540
27450,452
27460,392
27470,881
27480,1040
27490,302
27500,1299
27510,452
27520,502
27530,478
27540,696
27550,1001
27560,713
27570,431
27580,697
27590,553
27600,181
27610,753
27620,313
27630,827
27640,545
27650,845
27660,366
27670,451
27680,633
27690,804
27700,249
27710,369
27720,609
27730,524
27740,426
27750,761
27760,282
27770,385
27780,299
27790,610
27800,577
27810,601
27820,524
27830,966
27840,304
27850,294
27860,231
27870,1277
27880,843
27890,516
27900,1175
27910,137
27920,588
27930,258
27940,534
27950,390
27960,400
27970,413
27980,1349
27990,444
28000,528
28010,177
28020,608
28030,558
28040,280
28050,932
28060,301
28070,640
28080,521
28090,189
28100,842
28110,1021
28120,585
28130,349
28140,413
28150,808
28160,157
28170,702
28180,384
28190,431
28200,743
28210,79
28220,833
28230,701
28240,864
28250,343
28260,361
28270,715
28280,481
28290,699
28300,882
28310,443
28320,1437
28330,424
28340,993
28350,818
28360,412
28370,425
28380,801
28390,773
28400,586
28410,1192
28420,989
28430,500
28440,979
28450,1013
28460,1568
28470,902
28480,500
28490,1083
28500,373
28510,185
28520,1140
28530,491
28540,376
28550,447
28560,159
28570,1312
28580,917
28590,277
28600,843
28610,176
28620,468
28630,722
28640,379
28650,796
28660,545
28670,1360
28680,697
28690,705
28700,586
28710,1175
28720,609
28730,241
28740,239
28750,591
28760,303
28770,333
28780,1018
28790,215
28800,1087
28810,987
28820,552
28830,219
28840,688
28850,444
28860,414
28870,653
28880,553
28890,684
28900,769
28910,688
28920,743
28930,508
28940,824
28950,585
28960,706
28970,266
28980,522
28990,1010
29000,655
29010,1037
29020,235
29030,640
29040,746
29050,569
29060,41
29070,1053
29080,438
29090,415
29100,753
29110,147
29120,565
29130,690
29140,906
29150,676
29160,1206
29170,1096
29180,572
29190,596
29200,296
29210,755
29220,981
29230,841
29240,569
29250,375
29260,153
29270,1131
29280,804
29290,732
29300,823
29310,472
29320,185
29330,852
29340,977
29350,1211
29360,358
29370,525
29380,702
29390,581
29400,1014
29410,171
29420,997
29430,725
29440,717
29450,815
29460,715
29470,1006
29480,435
29490,709
29500,708
29510,365
29520,1122
29530,1641
29540,873
29550,1199
29560,411
29570,494
29580,664
29590,334
29600,1269
29610,709
29620,532
29630,331
29640,297
29650,209
29660,1241
29670,714
29680,167
29690,914
29700,466
29710,305
29720,331
29730,618
29740,710
29750,962
29760,1276
29770,500
29780,353
29790,230
29800,1144
29810,432
29820,826
29830,962
29840,478
29850,1088
29860,175
29870,870
29880,861
29890,466
29900,631
29910,467
29920,256
29930,782
29940,128
29950,413
29960,602
29970,359
29980,390
29990,652
30000,1251
30010,524
30020,827
30030,315
30040,231
30050,470
30060,599
30070,471
30080,1290
30090,757
30100,944
30110,741
30120,175
30130,412
30140,807
30150,329
30160,1125
30170,333
30180,1084
30190,843
30200,1079
30210,216
30220,762
30230,554
30240,1368
30250,1397
30260,565
30270,492
30280,769
30290,344
30300,1099
30310,521
30320,611
30330,684
30340,734
30350,1971
30360,786
30370,767
30380,555
30390,300
30400,561
30410,253
30420,324
30430,1355
30440,1159
30450,1562
30460,180
30470,227
30480,1119
30490,776
30500,1257
30510,434
30520,483
30530,856
30540,905
30550,570
30560,367
30570,577
30580,978
30590,1072
30600,307
30610,1541
30620,778
30630,1167
30640,385
30650,533
30660,1051
30670,192
30680,767
30690,599
30700,583
30710,1298
30720,658
30730,961
30740,1063
30750,432
30760,612
30770,2233
30780,1308
30790,1071
30800,447
30810,650
30820,1144
30830,876
30840,505
30850,645
30860,1123
30870,944
30880,895
30890,504
30900,1363
30910,600
30920,492
30930,1308
30940,920
30950,591
30960,331
30970,123
30980,653
30990,747
31000,1458
31010,1217
31020,1306
31030,1694
31040,398
31050,572
31060,587
31070,198
31080,1230
31090,418
31100,844
31110,652
31120,812
31130,1152
31140,326
31150,764
31160,185
31170,826
31180,591
31190,435
31200,518
31210,856
31220,463
31230,650
31240,190
31250,391
31260,557
31270,586
31280,1122
31290,1435
31300,1445
31310,494
31320,1222
31330,1058
31340,293
31350,1385
31360,647
31370,776
31380,489
31390,925
31400,452
31410,1228
31420,417
31430,387
31440,623
31450,760
31460,1601
31470,1186
31480,266
31490,240
31500,533
31510,471
31520,652
31530,325
31540,383
31550,1051
31560,1508
31570,686
31580,419
31590,356
31600,264
31610,447
31620,669
31630,972
31640,273
31650,617
31660,499
31670,2049
31680,1028
31690,1421
31700,725
31710,1339
31720,1004
31730,1282
31740,459
31750,180
31760,922
31770,632
31780,1256
31790,549
31800,891
31810,580
31820,724
31830,593
31840,1181
31850,360
31860,313
31870,1028
31880,1432
31890,1271
31900,587
31910,392
31920,525
31930,945
31940,837
31950,204
31960,337
31970,705
31980,797
31990,1336
32000,524
32010,754
32020,568
32030,797
32040,1093
32050,879
32060,785
32070,542
32080,610
32090,522
32100,1404
32110,289
32120,880
32130,344
32140,699
32150,1173
32160,384
32170,565
32180,829
32190,926
32200,1082
32210,1182
32220,499
32230,929
32240,764
32250,560
32260,870
32270,747
32280,1232
32290,753
32300,892
32310,738
32320,1018
32330,555
32340,263
32350,211
32360,707
32370,1500
32380,514
32390,1441
32400,692
32410,951
32420,880
32430,414
32440,1297
32450,523
32460,521
32470,519
32480,480
32490,314
32500,929
32510,828
32520,355
32530,1278
32540,709
32550,824
32560,1274
32570,288
32580,562
32590,870
32600,567
32610,468
32620,554
32630,1689
32640,1299
32650,120
32660,122
32670,1346
32680,1451
32690,809
32700,496
32710,630
32720,1614
32730,594
32740,1350
32750,582
32760,1399
32770,632
32780,527
32790,596
32800,1627
32810,1016
32820,1657
32830,1452
32840,86
32850,661
32860,726
32870,505
32880,1089
32890,803
32900,772
32910,549
32920,727
32930,517
32940,699
32950,793
32960,382
32970,880
32980,255
32990,518
33000,924
33010,1390
33020,740
33030,1097
33040,484
33050,970
33060,1427
33070,708
33080,910
33090,368
33100,673
33110,728
33120,1123
33130,431
33140,2109
33150,113
33160,571
33170,228
33180,589
33190,714
33200,557
33210,764
33220,632
33230,445
33240,919
33250,1321
33260,325
33270,568
33280,470
33290,617
33300,1205
33310,422
33320,1272
33330,1102
33340,1055
33350,1064
33360,178
33370,1162
33380,506
33390,384
33400,898
33410,549
33420,683
33430,461
33440,484
33450,1096
33460,1046
33470,509
33480,670
33490,1495
33500,529
33510,1057
33520,405
33530,467
33540,824
33550,846
33560,822
33570,1020
33580,995
33590,896
33600,1811
33610,274
33620,797
33630,691
33640,542
33650,837
33660,166
33670,746
33680,917
33690,1276
33700,192
33710,920
33720,853
33730,172
33740,159
33750,1482
33760,1254
33770,582
33780,510
33790,928
33800,1190
33810,397
33820,909
33830,1493
33840,428
33850,1106
33860,674
33870,421
33880,662
33890,766
33900,141
33910,807
33920,757
33930,1231
33940,274
33950,1062
33960,645
33970,772
33980,650
33990,305
34000,426
34010,141
34020,273
34030,876
34040,1176
34050,463
34060,1148
34070,929
34080,599
34090,179
34100,720
34110,1073
34120,267
34130,598
34140,814
34150,1155
34160,659
34170,430
34180,561
34190,701
34200,185
34210,723
34220,567
34230,1004
34240,609
34250,1130
34260,1038
34270,885
34280,182
34290,638
34300,487
34310,1238
34320,479
34330,149
34340,726
34350,692
34360,133
34370,608
34380,421
34390,828
34400,399
34410,864
34420,259
34430,1094
34440,967
34450,1400
34460,418
34470,619
34480,500
34490,771
34500,752
34510,1070
34520,1140
34530,490
34540,1712
34550,1154
34560,1163
34570,1093
34580,499
34590,276
34600,1002
34610,620
34620,535
34630,304
34640,557
34650,962
34660,1232
34670,440
34680,1151
34690,625
34700,844
34710,504
34720,228
34730,1022
34740,283
34750,668
34760,1291
34770,326
34780,1406
34790,1048
34800,220
34810,476
34820,353
34830,784
34840,854
34850,938
34860,1079
34870,740
34880,495
34890,968
34900,359
34910,1134
34920,425
34930,384
34940,702
34950,710
34960,440
34970,1419
34980,837
34990,1289
35000,878
35010,879
35020,593
35030,1445
35040,1054
35050,294
35060,283
35070,866
35080,999
35090,1624
35100,510
35110,1890
35120,917
35130,621
35140,710
35150,510
35160,883
35170,564
35180,596
35190,1661
35200,624
35210,856
35220,435
35230,1018
35240,1581
35250,560
35260,447
35270,1215
35280,544
35290,674
35300,509
35310,1424
35320,689
35330,631
35340,342
35350,1391
35360,143
35370,722
35380,531
35390,234
35400,747
35410,947
35420,1303
35430,262
35440,1087
35450,477
35460,551
35470,293
35480,768
35490,311
35500,1360
35510,930
35520,938
35530,1109
35540,607
35550,282
35560,564
35570,462
35580,1045
35590,483
35600,1104
35610,724
35620,750
35630,596
35640,559
35650,608
35660,345
35670,1280
35680,349
35690,813
35700,1204
35710,385
35720,750
35730,1126
35740,892
35750,1156
35760,665
35770,251
35780,1197
35790,549
35800,927
35810,827
35820,1030
35830,254
35840,532
35850,812
35860,761
35870,1983
35880,557
35890,991
35900,396
35910,662
35920,268
35930,830
35940,276
35950,662
35960,1177
35970,708
35980,917
35990,253
36000,419
36010,760
36020,433
36030,1097
36040,1316
36050,561
36060,1204
36070,934
36080,991
36090,440
36100,198
36110,1244
36120,753
36130,1850
36140,1675
36150,514
36160,573
36170,259
36180,791
36190,513
36200,560
36210,584
36220,482
36230,943
36240,651
36250,673
36260,336
36270,1560
36280,1321
36290,68
36300,777
36310,848
36320,754
36330,1002
36340,1515
36350,1238
36360,455
36370,1113
36380,794
36390,755
36400,692
36410,1561
36420,939
36430,905
36440,583
36450,674
36460,457
36470,1020
36480,497
36490,805
36500,710
36510,1143
36520,578
36530,188
36540,1461
36550,257
36560,1343
36570,1115
36580,434
36590,794
36600,973
36610,1361
36620,1471
36630,222
36640,449
36650,843
36660,452
36670,1195
36680,1354
36690,1200
36700,1452
36710,953
36720,551
36730,881
36740,1117
36750,1011
36760,920
36770,603
36780,417
36790,901
36800,697
36810,1176
36820,283
36830,897
36840,1453
36850,1060
36860,561
36870,1095
36880,557
36890,1418
36900,646
36910,382
36920,911
36930,1573
36940,858
36950,575
36960,1436
36970,155
36980,483
36990,786
37000,657
37010,973
37020,1457
37030,831
37040,804
37050,734
37060,692
37070,642
37080,980
37090,406
37100,857
37110,984
37120,1297
37130,558
37140,1114
37150,655
37160,830
37170,1255
37180,777
37190,932
37200,900
37210,593
37220,1245
37230,324
37240,208
37250,786
37260,1377
37270,1136
37280,451
37290,387
37300,1109
37310,647
37320,76
37330,983
37340,831
37350,713
37360,454
37370,1206
37380,1627
37390,869
37400,723
37410,1075
37420,379
37430,476
37440,763
37450,715
37460,434
37470,395
37480,965
37490,1155
37500,1111
37510,821
37520,1030
37530,534
37540,1268
37550,828
37560,129
37570,1082
37580,893
37590,1403
37600,1033
37610,571
37620,429
37630,713
37640,263
37650,765
37660,1100
37670,1608
37680,1285
37690,133
37700,934
37710,699
37720,319
37730,956
37740,1491
37750,621
37760,708
37770,399
37780,1831
37790,585
37800,384
37810,924
37820,338
37830,1070
37840,965
37850,867
37860,712
37870,694
37880,439
37890,810
37900,511
37910,923
37920,678
37930,888
37940,1134
37950,1329
37960,257
37970,839
37980,1557
37990,1131
38000,918
38010,950
38020,674
38030,854
38040,881
38050,926
38060,739
38070,1267
38080,822
38090,1424
38100,352
38110,145
38120,491
38130,1213
38140,560
38150,1893
38160,1029
38170,722
38180,1161
38190,1579
38200,1277
38210,1279
38220,1453
38230,787
38240,571
38250,842
38260,404
38270,675
38280,260
38290,767
38300,411
38310,849
38320,332
38330,1004
38340,173
38350,1622
38360,425
38370,904
38380,850
38390,1312
38400,1308
38410,1059
38420,2062
38430,227
38440,1002
38450,284
38460,966
38470,675
38480,402
38490,1366
38500,593
38510,1132
38520,1335
38530,872
38540,1337
38550,540
38560,435
38570,684
38580,486
38590,988
38600,49
38610,394
38620,1137
38630,322
38640,46
38650,534
38660,561
38670,640
38680,825
38690,626
38700,455
38710,756
38720,248
38730,605
38740,374
38750,317
38760,696
38770,623
38780,805
38790,691
38800,200
38810,1068
38820,1201
38830,176
38840,562
38850,855
38860,644
38870,965
38880,249
38890,596
38900,1203
38910,781
38920,706
38930,699
38940,569
38950,789
38960,205
38970,1217
38980,939
38990,1627
39000,882
39010,174
39020,962
39030,1084
39040,366
39050,531
39060,905
39070,1795
39080,1216
39090,491
39100,843
39110,1033
39120,691
39130,639
39140,788
39150,390
39160,528
39170,150
39180,554
39190,1759
39200,953
39210,1237
39220,1164
39230,803
39240,964
39250,865
39260,388
39270,748
39280,573
39290,828
39300,806
39310,307
39320,716
39330,1164
39340,811
39350,948
39360,532
39370,568
39380,175
39390,859
39400,776
39410,592
39420,1068
39430,1351
39440,914
39450,984
39460,413
39470,1074
39480,735
39490,1155
39500,778
39510,307
39520,867
39530,408
39540,438
39550,425
39560,912
39570,1035
39580,347
39590,73
39600,1050
39610,1506
39620,604
39630,350
39640,477
39650,694
39660,1514
39670,880
39680,395
39690,265
39700,102
39710,522
39720,384
39730,950
39740,1347
39750,1901
39760,849
39770,433
39780,381
39790,849
39800,382
39810,333
39820,903
39830,461
39840,624
39850,560
39860,583
39870,795
39880,707
39890,883
39900,575
39910,501
39920,855
39930,285
39940,584
39950,664
39960,1605
39970,1029
39980,1759
39990,272
40000,483
40010,688
40020,216
40030,814
40040,1028
40050,1037
40060,476
40070,893
40080,1136
40090,919
40100,717
40110,723
40120,981
40130,617
40140,1720
40150,1349
40160,502
40170,1028
40180,1564
40190,605
40200,768
40210,835
40220,527
40230,1001
40240,448
40250,2201
40260,441
40270,622
40280,1083
40290,1088
40300,932
40310,608
40320,623
40330,1538
40340,570
40350,579
40360,1188
40370,507
40380,1082
40390,543
40400,580
40410,597
40420,960
40430,327
40440,549
40450,532
40460,215
40470,641
40480,750
40490,950
40500,350
40510,691
40520,372
40530,1333
40540,1060
40550,569
40560,572
40570,321
40580,906
40590,976
40600,773
40610,709
40620,1219
40630,838
40640,166
40650,627
40660,1648
40670,493
40680,730
40690,931
40700,665
40710,746
40720,839
40730,504
40740,603
40750,948
40760,1429
40770,889
40780,518
40790,122
40800,848
40810,559
40820,732
40830,143
40840,341
40850,805
40860,217
40870,1094
40880,331
40890,555
40900,751
40910,352
40920,525
40930,877
40940,1624
40950,960
40960,950
40970,221
40980,840
40990,70
41000,906
41010,1308
41020,340
41030,1114
41040,1185
41050,999
41060,454
41070,1435
41080,416
41090,816
41100,962
41110,476
41120,936
41130,483
41140,226
41150,465
41160,1563
41170,924
41180,501
41190,228
41200,325
41210,1085
41220,719
41230,773
41240,744
41250,1190
41260,798
41270,913
41280,1298
41290,914
41300,726
41310,1223
41320,543
41330,316
41340,879
41350,1502
41360,259
41370,460
41380,1430
41390,1156
41400,884
41410,1068
41420,345
41430,932
41440,1168
41450,1102
41460,920
41470,557
41480,1028
41490,513
41500,514
41510,838
41520,200
41530,289
41540,1094
41550,754
41560,1665
41570,1001
41580,546
41590,1147
41600,1229
41610,696
41620,1043
41630,555
41640,643
41650,821
41660,323
41670,244
41680,558
41690,1008
41700,562
41710,910
41720,699
41730,456
41740,1330
41750,455
41760,785
41770,1030
41780,961
41790,883
41800,2001
41810,484
41820,90
41830,870
41840,1277
41850,577
41860,745
41870,652
41880,776
41890,1422
41900,530
41910,770
41920,694
41930,1088
41940,708
41950,365
41960,885
41970,766
41980,946
41990,1762
42000,447
42010,844
42020,1436
42030,782
42040,495
42050,1028
42060,821
42070,1265
42080,826
42090,1060
42100,755
42110,463
42120,1573
42130,599
42140,1129
42150,262
42160,879
42170,588
42180,591
42190,1458
42200,533
42210,900
42220,966
42230,296
42240,547
42250,1242
42260,1020
42270,734
42280,616
42290,1441
42300,849
42310,916
42320,997
42330,1693
42340,481
42350,944
42360,987
42370,1233
42380,496
42390,668
42400,265
42410,790
42420,797
42430,332
42440,696
42450,1107
42460,454
42470,750
42480,224
42490,743
42500,736
42510,686
42520,891
42530,781
42540,1180
42550,318
42560,2332
42570,1194
42580,1658
42590,388
42600,307
42610,1002
42620,697
42630,192
42640,646
42650,569
42660,1146
42670,1050
42680,658
42690,561
42700,485
42710,851
42720,724
42730,656
42740,1100
42750,928
42760,899
42770,489
42780,585
42790,1020
42800,1019
42810,488
42820,933
42830,920
42840,1079
42850,242
42860,971
42870,736
42880,677
42890,852
42900,449
42910,926
42920,1108
42930,619
42940,1025
42950,441
42960,575
42970,581
42980,1353
42990,842
43000,814
43010,965
43020,644
43030,474
43040,863
43050,763
43060,619
43070,661
43080,1252
43090,1499
43100,649
43110,1228
43120,1584
43130,940
43140,793
43150,611
43160,395
43170,1293
43180,619
43190,1024
43200,445
43210,454
43220,403
43230,480
43240,1125
43250,561
43260,878
43270,425
43280,542
43290,1547
43300,642
43310,676
43320,1964
43330,1395
43340,201
43350,1022
43360,1533
43370,517
43380,252
43390,620
43400,486
43410,666
43420,312
43430,415
43440,525
43450,550
43460,403
43470,1507
43480,590
43490,453
43500,826
43510,443
43520,942
43530,1144
43540,396
43550,1093
43560,567
43570,972
43580,644
43590,924
43600,873
43610,666
43620,395
43630,715
43640,432
43650,965
43660,1479
43670,524
43680,1099
43690,1208
43700,735
43710,797
43720,450
43730,1103
43740,1059
43750,1020
43760,148
43770,893
43780,273
43790,423
43800,1343
43810,382
43820,543
43830,1061
43840,1319
43850,679
43860,651
43870,941
43880,895
43890,1018
43900,1485
43910,812
43920,686
43930,186
43940,362
43950,740
43960,785
43970,888
43980,780
43990,610
44000,1117
44010,1185
44020,635
44030,322
44040,777
44050,288
44060,1017
44070,422
44080,990
44090,515
44100,468
44110,974
44120,954
44130,606
44140,975
44150,854
44160,610
44170,840
44180,367
44190,1223
44200,1061
44210,358
44220,240
44230,763
44240,727
44250,1314
44260,627
44270,562
44280,563
44290,740
44300,968
44310,657
44320,469
44330,1831
44340,752
44350,636
44360,255
44370,85
44380,634
44390,1566
44400,391
44410,537
44420,385
44430,130
44440,1109
44450,756
44460,761
44470,1326
44480,372
44490,936
44500,617
44510,421
44520,990
44530,1015
44540,850
44550,1317
44560,1306
44570,409
44580,768
44590,477
44600,1133
44610,633
44620,456
44630,721
44640,835
44650,428
44660,948
44670,286
44680,799
44690,521
44700,987
44710,697
44720,529
44730,1240
44740,1495
44750,470
44760,383
44770,375
44780,737
44790,578
44800,1253
44810,233
44820,1156
44830,585
44840,622
44850,662
44860,590
44870,1298
44880,757
44890,445
44900,1613
44910,861
44920,1081
44930,1002
44940,306
44950,246
44960,765
44970,836
44980,959
44990,1342
45000,1548
45010,800
45020,1460
45030,1117
45040,614
45050,993
45060,726
45070,405
45080,669
45090,1567
45100,2354
45110,454
45120,1075
45130,531
45140,634
45150,809
45160,1021
45170,764
45180,536
45190,920
45200,1139
45210,1641
45220,414
45230,1357
45240,789
45250,731
45260,458
45270,1262
45280,165
45290,1119
45300,371
45310,1121
45320,617
45330,1235
45340,1365
45350,921
45360,559
45370,244
45380,721
45390,1412
45400,587
45410,656
45420,394
45430,624
45440,2115
45450,380
45460,763
45470,1709
45480,546
45490,1422
45500,503
45510,1088
45520,914
45530,591
45540,1450
45550,1278
45560,610
45570,414
45580,246
45590,1026
45600,702
45610,169
45620,1227
45630,1523
45640,606
45650,1557
45660,1506
45670,530
45680,609
45690,1295
45700,534
45710,945
45720,1326
45730,475
45740,437
45750,619
45760,57
45770,634
45780,675
45790,2034
45800,1386
45810,517
45820,1153
45830,351
45840,461
45850,354
45860,478
45870,410
45880,271
45890,975
45900,780
45910,378
45920,998
45930,1221
45940,754
45950,555
45960,956
45970,556
45980,414
45990,1503
46000,279
46010,719
46020,657
46030,1090
46040,827
46050,588
46060,429
46070,1527
46080,1394
46090,616
46100,1263
46110,1132
46120,1276
46130,509
46140,350
46150,712
46160,945
46170,802
46180,1115
46190,416
46200,1229
46210,479
46220,823
46230,1765
46240,1319
46250,524
46260,861
46270,801
46280,174
46290,631
46300,174
46310,621
46320,565
46330,594
46340,693
46350,508
46360,1297
46370,747
46380,1331
46390,1729
46400,449
46410,769
46420,1406
46430,774
46440,1283
46450,276
46460,1382
46470,459
46480,1019
46490,1222
46500,369
46510,756
46520,718
46530,692
46540,227
46550,548
46560,282
46570,1832
46580,692
46590,472
46600,1139
46610,1161
46620,516
46630,1154
46640,1217
46650,350
46660,1268
46670,374
46680,407
46690,435
46700,1137
46710,642
46720,465
46730,2086
46740,633
46750,610
46760,992
46770,637
46780,1201
46790,727
46800,1958
46810,1533
46820,1137
46830,1102
46840,246
46850,509
46860,1482
46870,791
46880,611
46890,488
46900,253
46910,1040
46920,1382
46930,1015
46940,481
46950,145
46960,635
46970,1620
46980,985
46990,1742
47000,319
47010,599
47020,1715
47030,839
47040,668
47050,1411
47060,841
47070,363
47080,549
47090,506
47100,362
47110,304
47120,880
47130,642
47140,619
47150,1115
47160,218
47170,887
47180,907
47190,500
47200,818
47210,968
47220,1208
47230,568
47240,1536
47250,714
47260,873
47270,267
47280,207
47290,749
47300,975
47310,1078
47320,287
47330,650
47340,580
47350,1973
47360,638
47370,754
47380,465
47390,374
47400,358
47410,272
47420,563
47430,781
47440,502
47450,1321
47460,1293
47470,556
47480,257
47490,1460
47500,646
47510,580
47520,412
47530,350
47540,582
47550,347
47560,576
47570,991
47580,1165
47590,658
47600,1731
47610,1154
47620,425
47630,1145
47640,822
47650,771
47660,206
47670,721
47680,473
47690,1011
47700,1123
47710,2045
47720,375
47730,890
47740,1089
47750,482
47760,2466
47770,1588
47780,1080
47790,961
47800,533
47810,739
47820,1161
47830,898
47840,1358
47850,480
47860,827
47870,161
47880,977
47890,894
47900,1050
47910,411
47920,1542
47930,604
47940,529
47950,732
47960,395
47970,393
47980,827
47990,344
48000,470
48010,69
48020,997
48030,1022
48040,225
48050,610
48060,149
48070,1622
48080,244
48090,911
48100,1110
48110,450
48120,480
48130,672
48140,432
48150,552
48160,1571
48170,766
48180,881
48190,2015
48200,487
48210,1099
48220,311
48230,578
48240,421
48250,377
48260,844
48270,511
48280,250
48290,747
48300,1433
48310,365
48320,746
48330,331
48340,1410
48350,985
48360,210
48370,694
48380,664
48390,789
48400,1000
48410,480
48420,789
48430,1085
48440,931
48450,1299
48460,150
48470,1095
48480,576
48490,740
48500,849
48510,666
48520,649
48530,1548
48540,563
48550,478
48560,619
48570,570
48580,736
48590,342
48600,1124
48610,1280
48620,126
48630,1532
48640,626
48650,1169
48660,737
48670,616
48680,424
48690,420
48700,930
48710,1168
48720,468
48730,1035
48740,1036
48750,514
48760,234
48770,832
48780,1030
48790,125
48800,158
48810,395
48820,2013
48830,637
48840,987
48850,1381
48860,481
48870,568
48880,619
48890,761
48900,1116
48910,241
48920,965
48930,591
48940,388
48950,851
48960,496
48970,1252
48980,758
48990,935
49000,1410
49010,1581
49020,647
49030,217
49040,861
49050,713
49060,257
49070,863
49080,1172
49090,1039
49100,852
49110,573
49120,879
49130,406
49140,1202
49150,1374
49160,756
49170,517
49180,482
49190,967
49200,1379
49210,475
49220,745
49230,970
49240,139
49250,1466
49260,407
49270,676
49280,1012
49290,287
49300,686
49310,806
49320,836
49330,1320
49340,793
49350,269
49360,816
49370,436
49380,682
49390,561
49400,861
49410,1110
49420,789
49430,769
49440,1070
49450,655
49460,548
49470,710
49480,544
49490,213
49500,565
49510,337
49520,287
49530,697
49540,440
49550,798
49560,1099
49570,546
49580,995
49590,792
49600,379
49610,778
49620,869
49630,576
49640,1093
49650,1172
49660,549
49670,1426
49680,1215
49690,679
49700,421
49710,933
49720,384
49730,557
49740,1362
49750,283
49760,1189
49770,210
49780,562
49790,351
49800,233
49810,498
49820,625
49830,800
49840,888
49850,1062
49860,531
49870,158
49880,136
49890,992
49900,788
49910,464
49920,367
49930,760
49940,1037
49950,480
49960,914
49970,417
49980,932
49990,917
50000,750
50010,1308
50020,524
50030,2014
50040,686
50050,839
50060,1182
50070,706
50080,848
50090,707
50100,1844
50110,655
50120,143
50130,1024
50140,1408
50150,1169
50160,1228
50170,676
50180,382
50190,972
50200,358
50210,900
50220,664
50230,2089
50240,411
50250,351
50260,649
50270,1210
50280,605
50290,480
50300,774
50310,707
50320,1467
50330,1099
50340,1305
50350,1096
50360,1421
50370,552
50380,928
50390,974
50400,1291
50410,411
50420,914
50430,1287
50440,993
50450,636
50460,391
50470,464
50480,1019
50490,149
50500,638
50510,1158
50520,556
50530,1164
50540,1668
50550,1007
50560,674
50570,846
50580,365
50590,1151
50600,742
50610,724
50620,785
50630,476
50640,828
50650,697
50660,973
50670,1648
50680,228
50690,224
50700,429
50710,559
50720,312
50730,732
50740,649
50750,1040
50760,253
50770,656
50780,923
50790,1096
50800,779
50810,641
50820,311
50830,1072
50840,1308
50850,1492
50860,517
50870,758
50880,1075
50890,1077
50900,793
50910,317
50920,378
50930,905
50940,263
50950,463
50960,201
50970,1139
50980,1062
50990,432
51000,962
51010,1185
51020,1086
51030,1270
51040,1109
51050,466
51060,1120
51070,466
51080,1271
51090,802
51100,631
51110,1544
51120,1566
51130,1061
51140,714
51150,847
51160,1503
51170,1435
51180,832
51190,707
51200,486
51210,1100
51220,958
51230,404
51240,516
51250,1390
51260,1353
51270,669
51280,621
51290,1076
51300,471
51310,570
51320,695
51330,518
51340,331
51350,205
51360,559
51370,938
51380,646
51390,1592
51400,789
51410,430
51420,1023
51430,367
51440,305
51450,1059
51460,926
51470,517
51480,1084
51490,498
51500,499
51510,1356
51520,1094
51530,456
51540,389
51550,969
51560,1232
51570,530
51580,327
51590,1808
51600,1146
51610,790
51620,833
51630,637
51640,1086
51650,604
51660,133
51670,392
51680,537
51690,221
51700,752
51710,1040
51720,266
51730,1035
51740,493
51750,597
51760,475
51770,455
51780,1010
51790,536
51800,826
51810,286
51820,463
51830,1221
51840,528
51850,1032
51860,1515
51870,376
51880,676
51890,1286
51900,877
51910,688
51920,709
51930,1051
51940,1751
51950,1500
51960,464
51970,602
51980,146
51990,1104
52000,530
52010,806
52020,526
52030,1197
52040,912
52050,1787
52060,805
52070,1034
52080,1079
52090,950
52100,811
52110,396
52120,600
52130,1074
52140,175
52150,1076
52160,737
52170,92
52180,638
52190,884
52200,1959
52210,324
52220,200
52230,591
52240,494
52250,988
52260,1611
52270,1216
52280,1150
52290,216
52300,1058
52310,413
52320,889
52330,727
52340,1305
52350,446
52360,84
52370,611
52380,775
52390,926
52400,206
52410,1001
52420,982
52430,394
52440,223
52450,510
52460,781
52470,1749
52480,676
52490,1411
52500,1253
52510,638
52520,658
52530,1164
52540,519
52550,1017
52560,1429
52570,614
52580,548
52590,583
52600,1237
52610,1175
52620,419
52630,423
52640,935
52650,199
52660,1237
52670,367
52680,1818
52690,670
52700,721
52710,385
52720,797
52730,726
52740,1342
52750,863
52760,866
52770,1182
52780,723
52790,1516
52800,1184
52810,1003
52820,913
52830,570
52840,228
52850,986
52860,833
52870,782
52880,1172
52890,1233
52900,612
52910,1117
52920,1726
52930,865
52940,1304
52950,931
52960,1152
52970,297
52980,600
52990,801
53000,193
53010,1255
53020,216
53030,1479
53040,1084
53050,868
53060,66
53070,574
53080,467
53090,930
53100,1781
53110,883
53120,1608
53130,492
53140,318
53150,813
53160,1076
53170,1391
53180,770
53190,535
53200,856
53210,651
53220,357
53230,481
53240,952
53250,1113
53260,1230
53270,1427
53280,556
53290,1228
53300,1388
53310,881
53320,589
53330,1424
53340,835
53350,653
53360,2023
53370,570
53380,630
53390,1421
53400,272
53410,860
53420,668
53430,225
53440,1112
53450,760
53460,1219
53470,568
53480,1481
53490,515
53500,838
53510,699
53520,307
53530,627
53540,445
53550,363
53560,699
53570,587
53580,215
53590,1146
53600,1636
53610,529
53620,685
53630,793
53640,256
53650,2462
53660,359
53670,525
53680,1025
53690,973
53700,804
53710,765
53720,692
53730,1061
53740,684
53750,1205
53760,213
53770,289
53780,971
53790,699
53800,1019
53810,950
53820,396
53830,1416
53840,311
53850,1543
53860,833
53870,332
53880,792
53890,740
53900,1176
53910,653
53920,1247
53930,375
53940,255
53950,359
53960,173
53970,1091
53980,567
53990,392
54000,798
54010,681
54020,353
54030,793
54040,483
54050,366
54060,611
54070,1478
54080,584
54090,663
54100,592
54110,313
54120,1164
54130,552
54140,1472
54150,820
54160,1340
54170,1003
54180,1419
54190,797
54200,313
54210,557
54220,1279
54230,508
54240,1352
54250,1383
54260,248
54270,1027
54280,460
54290,653
54300,906
54310,399
54320,833
54330,460
54340,644
54350,441
54360,1243
54370,1310
54380,1183
54390,500
54400,703
54410,315
54420,770
54430,1414
54440,704
54450,961
54460,640
54470,1006
54480,288
54490,464
54500,505
54510,598
54520,664
54530,179
54540,231
54550,463
54560,1615
54570,263
54580,1001
54590,765
54600,767
54610,622
54620,508
54630,377
54640,77
54650,260
54660,1230
54670,628
54680,486
54690,1041
54700,530
54710,1389
54720,1509
54730,1667
54740,589
54750,702
54760,1284
54770,700
54780,1237
54790,127
54800,1526
54810,1266
54820,1085
54830,1582
54840,665
54850,658
54860,467
54870,1029
54880,795
54890,739
54900,523
54910,595
54920,437
54930,868
54940,375
54950,1082
54960,443
54970,1094
54980,1194
54990,225
55000,732
55010,1214
55020,427
55030,395
55040,1025
55050,1004
55060,1110
55070,714
55080,669
55090,1782
55100,1447
55110,728
55120,1161
55130,836
55140,439
55150,650
55160,877
55170,498
55180,261
55190,818
55200,459
55210,523
55220,755
55230,490
55240,525
55250,1836
55260,598
55270,848
55280,1236
55290,1013
55300,144
55310,298
55320,849
55330,342
55340,397
55350,876
55360,853
55370,652
55380,523
55390,722
55400,1745
55410,1046
55420,435
55430,497
55440,1681
55450,548
55460,1658
55470,1027
55480,393
55490,284
55500,2087
55510,2132
55520,648
55530,2363
55540,957
55550,602
55560,643
55570,416
55580,756
55590,660
55600,617
55610,1115
55620,993
55630,442
55640,399
55650,847
55660,940
55670,751
55680,434
55690,278
55700,1250
55710,415
55720,176
55730,1049
55740,203
55750,1097
55760,311
55770,1313
55780,447
55790,798
55800,897
55810,430
55820,413
55830,881
55840,1675
55850,838
55860,1060
55870,311
55880,539
55890,597
55900,651
55910,1807
55920,910
55930,602
55940,479
55950,1233
55960,852
55970,205
55980,1833
55990,618
56000,693
56010,492
56020,910
56030,1277
56040,287
56050,551
56060,139
56070,1212
56080,1690
56090,680
56100,317
56110,633
56120,1566
56130,910
56140,1191
56150,1214
56160,362
56170,357
56180,327
56190,937
56200,188
56210,1529
56220,954
56230,279
56240,337
56250,437
56260,988
56270,689
56280,494
56290,1728
56300,859
56310,284
56320,1277
56330,793
56340,528
56350,379
56360,533
56370,350
56380,467
56390,989
56400,267
56410,1377
56420,552
56430,1005
56440,509
56450,359
56460,579
56470,896
56480,778
56490,299
56500,1022
56510,814
56520,541
56530,595
56540,532
56550,177
56560,1412
56570,261
56580,719
56590,521
56600,1089
56610,981
56620,162
56630,1256
56640,926
56650,603
56660,1060
56670,394
56680,533
56690,722
56700,496
56710,471
56720,304
56730,911
56740,354
56750,375
56760,1786
56770,764
56780,1633
56790,726
56800,320
56810,284
56820,753
56830,893
56840,373
56850,487
56860,757
56870,504
56880,788
56890,1017
56900,754
56910,373
56920,1529
56930,738
56940,719
56950,203
56960,137
56970,1230
56980,248
56990,395
57000,670
57010,676
57020,1355
57030,572
57040,1404
57050,430
57060,915
57070,777
57080,487
57090,832
57100,201
57110,547
57120,195
57130,408
57140,418
57150,136
57160,985
57170,1081
57180,736
57190,662
57200,643
57210,1072
57220,1051
57230,360
57240,782
57250,223
57260,702
57270,1091
57280,1647
57290,859
57300,706
57310,1024
57320,1072
57330,1388
57340,1214
57350,1403
57360,962
57370,1411
57380,1055
57390,964
57400,366
57410,781
57420,1290
57430,579
57440,771
57450,847
57460,909
57470,744
57480,458
57490,738
57500,206
57510,1413
57520,1674
57530,711
57540,81
57550,1187
57560,1050
57570,335
57580,1217
57590,494
57600,372
57610,453
57620,579
57630,1149
57640,611
57650,525
57660,754
57670,1481
57680,196
57690,787
57700,455
57710,250
57720,806
57730,1025
57740,1020
57750,207
57760,642
57770,579
57780,1192
57790,278
57800,862
57810,2199
57820,395
57830,1188
57840,1446
57850,505
57860,586
57870,831
57880,688
57890,556
57900,737
57910,345
57920,892
57930,191
57940,242
57950,565
57960,958
57970,1040
57980,1072
57990,661
58000,1460
58010,931
58020,864
58030,441
58040,386
58050,706
58060,652
58070,896
58080,893
58090,1070
58100,1706
58110,100
58120,1209
58130,816
58140,672
58150,575
58160,656
58170,818
58180,1659
58190,481
58200,776
58210,816
58220,761
58230,769
58240,1523
58250,1017
58260,803
58270,622
58280,1633
58290,137
58300,322
58310,325
58320,246
58330,794
58340,740
58350,1565
58360,527
58370,858
58380,789
58390,850
58400,488
58410,200
58420,1040
58430,306
58440,1402
58450,226
58460,794
58470,1034
58480,475
58490,1228
58500,277
58510,1555
58520,190
58530,901
58540,750
58550,449
58560,974
58570,1106
58580,600
58590,783
58600,471
58610,510
58620,851
58630,1065
58640,511
58650,282
58660,741
58670,1215
58680,1346
58690,815
58700,1128
58710,798
58720,1397
58730,559
58740,428
58750,826
58760,901
58770,2414
58780,346
58790,419
58800,1143
58810,1004
58820,497
58830,420
58840,137
58850,113
58860,1065
58870,1152
58880,394
58890,343
58900,124
58910,665
58920,640
58930,2335
58940,1657
58950,302
58960,353
58970,645
58980,1236
58990,735
59000,361
59010,1001
59020,1092
59030,905
59040,578
59050,836
59060,831
59070,770
59080,1071
59090,166
59100,861
59110,1897
59120,775
59130,529
59140,1351
59150,1010
59160,608
59170,840
59180,506
59190,397
59200,510
59210,310
59220,1278
59230,935
59240,602
59250,2372
59260,1337
59270,416
59280,560
59290,661
59300,870
59310,1231
59320,799
59330,1054
59340,481
59350,730
59360,787
59370,1810
59380,472
59390,1394
59400,98
59410,1193
59420,519
59430,368
59440,552
59450,560
59460,1670
59470,1584
59480,703
59490,1043
59500,472
59510,962
59520,1055
59530,1067
59540,1003
59550,1272
59560,627
59570,1221
59580,1103
59590,307
59600,488
59610,1478
59620,886
59630,693
59640,496
59650,349
59660,1140
59670,896
59680,485
59690,714
59700,1238
59710,1058
59720,463
59730,775
59740,461
59750,1037
59760,346
59770,754
59780,1045
59790,789
59800,820
59810,2004
59820,375
59830,567
59840,936
59850,738
59860,1234
59870,1423
59880,892
59890,703
59900,1133
59910,905
59920,131
59930,571
59940,1337
59950,247
59960,1311
59970,604
59980,1899
59990,1072
60000,1081
60010,803
60020,306
60030,491
60040,648
60050,255
60060,1255
60070,477
60080,317
60090,1329
60100,1020
60110,959
60120,441
60130,1031
60140,989
60150,397
60160,407
60170,762
60180,760
60190,626
60200,303
60210,1117
60220,1450
60230,629
60240,696
60250,363
60260,1047
60270,603
60280,1186
60290,358
60300,1153
60310,926
60320,407
60330,392
60340,390
60350,847
60360,645
60370,894
60380,1021
60390,1277
60400,1675
60410,314
60420,294
60430,606
60440,849
60450,639
60460,1173
60470,485
60480,1231
60490,720
60500,689
60510,282
60520,325
60530,417
60540,1108
60550,287
60560,440
60570,528
60580,897
60590,938
60600,454
60610,1522
60620,720
60630,550
60640,865
60650,391
60660,331
60670,1212
60680,1446
60690,402
60700,610
60710,684
60720,1523
60730,584
60740,1587
60750,1121
60760,457
60770,365
60780,761
60790,1261
60800,301
60810,2385
60820,515
60830,684
60840,377
60850,1075
60860,326
60870,578
60880,918
60890,919
60900,595
60910,569
60920,561
60930,1074
60940,331
60950,850
60960,442
60970,1384
60980,695
60990,583
61000,917
61010,574
61020,611
61030,754
61040,1655
61050,922
61060,619
61070,554
61080,390
61090,455
61100,892
61110,600
61120,1515
61130,316
61140,429
61150,915
61160,131
61170,525
61180,507
61190,179
61200,1133
61210,464
61220,666
61230,567
61240,476
61250,1013
61260,449
61270,1971
61280,767
61290,979
61300,716
61310,1368
61320,396
61330,847
61340,1221
61350,1364
61360,1335
61370,346
61380,475
61390,1413
61400,440
61410,313
61420,477
61430,915
61440,497
61450,790
61460,746
61470,478
61480,1130
61490,446
61500,798
61510,1232
61520,1127
61530,857
61540,395
61550,1179
61560,725
61570,423
61580,770
61590,1341
61600,829
61610,651
61620,1274
61630,674
61640,173
61650,1650
61660,632
61670,713
61680,174
61690,726
61700,286
61710,921
61720,1320
61730,271
61740,156
61750,854
61760,1287
61770,1538
61780,1522
61790,558
61800,559
61810,701
61820,998
61830,799
61840,626
61850,640
61860,405
61870,910
61880,827
61890,1150
61900,584
61910,614
61920,614
61930,529
61940,1097
61950,733
61960,279
61970,628
61980,780
61990,630
62000,554
62010,583
62020,689
62030,227
62040,1143
62050,1664
62060,972
62070,593
62080,752
62090,836
62100,1754
62110,1179
62120,693
62130,594
62140,430
62150,1131
62160,308
62170,1325
62180,590
62190,1247
62200,668
62210,677
62220,1328
62230,1080
62240,887
62250,673
62260,852
62270,791
62280,682
62290,233
62300,884
62310,621
62320,857
62330,134
62340,1177
62350,684
62360,192
62370,471
62380,664
62390,392
62400,1988
62410,725
62420,1062
62430,987
62440,813
62450,1254
62460,1680
62470,139
62480,735
62490,1098
62500,621
62510,846
62520,873
62530,674
62540,147
62550,577
62560,686
62570,977
62580,1330
62590,415
62600,560
62610,829
62620,667
62630,867
62640,1273
62650,676
62660,771
62670,422
62680,383
62690,738
62700,481
62710,597
62720,1568
62730,1014
62740,837
62750,508
62760,1098
62770,593
62780,1108
62790,404
62800,391
62810,770
62820,582
62830,455
62840,1391
62850,767
62860,857
62870,676
62880,1040
62890,282
62900,1276
62910,751
62920,496
62930,475
62940,213
62950,649
62960,656
62970,676
62980,1931
62990,1114
63000,1450
63010,1067
63020,1283
63030,1065
63040,480
63050,679
63060,803
63070,280
63080,1013
63090,824
63100,1834
63110,180
63120,819
63130,1488
63140,281
63150,820
63160,1116
63170,246
63180,273
63190,566
63200,1214
63210,703
63220,664
63230,445
63240,1075
63250,791
63260,820
63270,748
63280,940
63290,792
63300,1023
63310,539
63320,1067
63330,815
63340,766
63350,952
63360,1428
63370,329
63380,481
63390,1265
63400,610
63410,198
63420,1549
63430,918
63440,578
63450,975
63460,717
63470,1008
63480,520
63490,579
63500,321
63510,1422
63520,335
63530,476
63540,406
63550,633
63560,880
63570,1576
63580,509
63590,828
63600,310
63610,1851
63620,1078
63630,570
63640,1014
63650,1222
63660,653
63670,710
63680,429
63690,620
63700,570
63710,848
63720,846
63730,803
63740,921
63750,1023
63760,2110
63770,1580
63780,1398
63790,762
63800,1137
63810,768
63820,1398
63830,673
63840,1144
63850,976
63860,99
63870,395
63880,719
63890,427
63900,237
63910,872
63920,578
63930,692
63940,1422
63950,519
63960,851
63970,653
63980,248
63990,1055
64000,595
64010,1090
64020,844
64030,295
64040,1119
64050,710
64060,632
64070,814
64080,1005
64090,297
64100,1637
64110,1029
64120,880
64130,1129
64140,271
64150,656
64160,710
64170,279
64180,618
64190,473
64200,893
64210,520
64220,1214
64230,462
64240,1025
64250,1004
64260,759
64270,753
64280,338
64290,417
64300,1447
64310,1458
64320,858
64330,943
64340,1782
64350,893
64360,467
64370,1800
64380,322
64390,633
64400,1193
64410,1976
64420,684
64430,974
64440,788
64450,569
64460,760
64470,1028
64480,1166
64490,403
64500,596
64510,1329
64520,869
64530,1240
64540,694
64550,705
64560,418
64570,1238
64580,771
64590,731
64600,885
64610,1403
64620,227
64630,1037
64640,442
64650,1100
64660,503
64670,803
64680,1075
64690,1798
64700,729
64710,1268
64720,167
64730,352
64740,702
64750,302
64760,567
64770,557
64780,1278
64790,1791
64800,1126
64810,1800
64820,606
64830,388
64840,761
64850,703
64860,1051
64870,731
64880,726
64890,926
64900,949
64910,1611
64920,512
64930,709
64940,258
64950,555
64960,359
64970,366
64980,987
64990,451
65000,273
65010,1038
65020,1181
65030,315
65040,551
65050,865
65060,602
65070,722
65080,138
65090,1161
65100,703
65110,1605
65120,685
65130,485
65140,1104
65150,615
65160,520
65170,909
65180,1333
65190,387
65200,1712
65210,513
65220,688
65230,184
65240,669
65250,301
65260,88
65270,1610
65280,1207
65290,474
65300,1038
65310,1381
65320,391
65330,1247
65340,1190
65350,1385
65360,140
65370,516
65380,1355
65390,1234
65400,731
65410,1064
65420,334
65430,504
65440,757
65450,616
65460,1131
65470,1280
65480,454
65490,114
65500,743
65510,515
65520,825
65530,442
65540,708
65550,1178
65560,392
65570,387
65580,1157
65590,1003
65600,367
65610,963
65620,471
65630,182
65640,1414
65650,906
65660,1267
65670,572
65680,500
65700,1233
65800,262
65900,586
66000,1174
66100,1504
66200,522
66300,762
66400,129
66500,843
66600,1221
66700,607
66800,160
66900,1536
67000,961
67100,224
67200,873
67300,2622
67400,1019
67500,672
67600,463
67700,962
67800,759
67900,1092
68000,478
68100,623
68200,892
68300,2209
68400,1384
68500,992
68600,267
68700,2043
68800,575
68900,781
69000,767
69100,849
69200,423
69300,992
69400,1383
69500,1076
69600,437
69700,829
69800,355
69900,730
70000,742
70100,566
70200,430
70300,401
70400,1913
70500,751
70600,75
70700,574
70800,1147
70900,101
71000,859
71100,862
71200,572
71300,289
71400,1304
71500,1733
71600,711
71700,1312
71800,1033
71900,464
72000,1376
72100,1060
72200,721
72300,1587
72400,1003
72500,1335
72600,354
72700,357
72800,72
72900,1157
73000,1788
73100,233
73200,1165
73300,886
73400,442
73500,1032
73600,505
73700,943
73800,1234
73900,570
74000,650
74100,859
74200,563
74300,1117
74400,225
74500,505
74600,623
74700,1284
74800,349
74900,1242
75000,823
75100,945
75200,1031
75300,1617
75400,724
75500,705
75600,1153
75700,683
75800,1019
75900,1029
76000,675
76100,607
76200,1169
76300,1027
76400,748
76500,650
76600,865
76700,1225
76800,824
76900,1857
77000,701
77100,565
77200,1094
77300,340
77400,863
77500,573
77600,383
77700,740
77800,797
77900,802
78000,405
78100,933
78200,575
78300,1196
78400,423
78500,655
78600,801
78700,1149
78800,1419
78900,1195
79000,980
79100,798
79200,311
79300,1527
79400,1186
79500,1104
79600,1507
79700,258
79800,728
79900,174
80000,854
80100,1070
80200,800
80300,775
80400,646
80500,1145
80600,383
80700,427
80800,830
80900,674
81000,333
81100,1881
81200,736
81300,882
81400,1674
81500,855
81600,1127
81700,1882
81800,934
81900,1548
82000,1017
82100,720
82200,953
82300,687
82400,641
82500,450
82600,758
82700,1151
82800,1000
82900,829
83000,472
83100,384
83200,789
83300,340
83400,464
83500,920
83600,1730
83700,468
83800,538
83900,2678
84000,1038
84100,501
84200,1480
84300,1029
84400,468
84500,456
84600,366
84700,451
84800,355
84900,1313
85000,311
85100,222
85200,273
85300,1065
85400,1045
85500,1065
85600,484
85700,678
85800,1653
85900,925
86000,894
86100,857
86200,795
86300,1336
86400,748
86500,654
86600,774
86700,881
86800,804
86900,1264
87000,1407
87100,1149
87200,551
87300,1414
87400,967
87500,1000
87600,482
87700,609
87800,560
87900,467
88000,1062
88100,442
88200,399
88300,955
88400,1114
88500,733
88600,667
88700,924
88800,1399
88900,1008
89000,699
89100,867
89200,579
89300,307
89400,1314
89500,773
89600,828
89700,770
89800,512
89900,1267
90000,487
90100,649
90200,718
90300,1055
90400,716
90500,356
90600,1385
90700,940
90800,768
90900,993
91000,665
91100,653
91200,1337
91300,529
91400,312
91500,683
91600,916
91700,495
91800,1865
91900,1291
92000,1085
92100,878
92200,1087
92300,430
92400,221
92500,410
92600,1481
92700,1066
92800,1675
92900,339
93000,684
93100,910
93200,613
93300,1017
93400,751
93500,1545
93600,367
93700,418
93800,351
93900,940
94000,485
94100,546
94200,609
94300,176
94400,537
94500,1552
94600,472
94700,325
94800,1574
94900,1188
95000,1025
95100,210
95200,1444
95300,388
95400,737
95500,551
95600,1111
95700,457
95800,457
95900,212
96000,1109
96100,882
96200,991
96300,335
96400,409
96500,549
96600,550
96700,1501
96800,98
96900,1705
97000,953
97100,1009
97200,795
97300,507
97400,531
97500,554
97600,1282
97700,768
97800,498
97900,886
98000,409
98100,903
98200,1003
98300,1115
98400,829
98500,635
98600,631
98700,413
98800,647
98900,905
99000,1276
99100,1504
99200,565
99300,618
99400,95
99500,492
99600,769
99700,582
99800,1037
99900,1037
100000,672
100100,673
100200,1333
100300,387
100400,577
100500,275
100600,442
100700,1005
100800,627
100900,562
101000,1423
101100,320
101200,2069
101300,1189
101400,584
101500,505
101600,482
101700,1296
101800,425
101900,1045
102000,1256
102100,313
102200,603
102300,499
102400,407
102500,679
102600,1307
102700,1433
102800,461
102900,1164
103000,989
103100,1317
103200,696
103300,1395
103400,254
103500,1832
103600,643
103700,1444
103800,1053
103900,601
104000,683
104100,1640
104200,1218
104300,1190
104400,1073
104500,348
104600,864
104700,2029
104800,470
104900,1099
105000,1101
105100,1523
105200,431
105300,876
105400,871
105500,491
105600,995
105700,1893
105800,480
105900,681
106000,556
106100,1063
106200,1159
106300,446
106400,941
106500,866
106600,517
106700,1541
106800,930
106900,1085
107000,536
107100,518
107200,1499
107300,915
107400,1112
107500,936
107600,1495
107700,857
107800,1044
107900,678
108000,769
108100,267
108200,1125
108300,998
108400,835
108500,1290
108600,669
108700,842
108800,1436
108900,660
109000,741
109100,589
109200,1157
109300,546
109400,967
109500,861
109600,1375
109700,617
109800,345
109900,753
110000,482
110100,739
110200,268
110300,590
110400,922
110500,1320
110600,435
110700,390
110800,437
110900,1317
111000,708
111100,1172
111200,313
111300,1280
111400,1077
111500,706
111600,1658
111700,1481
111800,696
111900,1407
112000,444
112100,739
112200,505
112300,383
112400,614
112500,1039
112600,1264
112700,1062
112800,746
112900,449
113000,524
113100,612
113200,468
113300,662
113400,464
113500,721
113600,643
113700,1222
113800,485
113900,956
114000,474
114100,1448
114200,1329
114300,132
114400,848
114500,651
114600,2035
114700,623
114800,646
114900,341
115000,857
115100,987
115200,916
115300,1118
115400,852
115500,475
115600,1326
115700,1183
115800,759
115900,871
116000,595
116100,489
116200,1442
116300,354
116400,873
116500,258
116600,755
116700,254
116800,1196
116900,610
117000,178
117100,515
117200,629
117300,617
117400,446
117500,395
117600,829
117700,974
117800,1531
117900,438
118000,666
118100,1323
118200,438
118300,173
118400,662
118500,521
118600,684
118700,707
118800,758
118900,367
119000,540
119100,96
119200,469
119300,710
119400,114
119500,706
119600,107
119700,394
119800,859
119900,1259
120000,895
120100,514
120200,1168
120300,295
120400,432
120500,930
120600,1304
120700,531
120800,1315
120900,1023
121000,420
121100,1318
121200,1316
121300,1490
121400,1154
121500,973
121600,748
121700,1020
121800,507
121900,282
122000,830
122100,904
122200,984
122300,582
122400,1681
122500,1043
122600,670
122700,385
122800,843
122900,779
123000,447
123100,1343
123200,508
123300,772
123400,884
123500,1547
123600,1548
123700,531
123800,1770
123900,706
124000,830
124100,273
124200,483
124300,419
124400,705
124500,929
124600,625
124700,1456
124800,2162
124900,1013
125000,604
125100,974
125200,1250
125300,171
125400,913
125500,397
125600,665
125700,777
125800,777
125900,1131
126000,1479
126100,903
126200,1048
126300,1000
126400,1191
126500,1594
126600,466
126700,983
126800,725
126900,354
127000,464
127100,441
127200,555
127300,452
127400,2183
127500,1111
127600,228
127700,900
127800,718
127900,602
128000,590
128100,619
128200,1193
128300,1025
128400,1252
128500,1253
128600,376
128700,380
128800,336
128900,379
129000,819
129100,793
129200,1241
129300,779
129400,594
129500,1087
129600,768
129700,981
129800,534
129900,479
130000,1375
130100,715
130200,432
130300,886
130400,189
130500,164
130600,1566
130700,639
130800,571
130900,2146
131000,468
131100,1329
131200,791
131300,549
131400,524
131500,729
131600,1258
131700,1123
131800,1033
131900,476
132000,819
132100,339
132200,1207
132300,1647
132400,506
132500,432
132600,831
132700,804
132800,935
132900,1004
133000,853
133100,905
133200,1617
133300,1115
133400,1439
133500,1033
133600,145
133700,833
133800,443
133900,734
134000,570
134100,892
134200,874
134300,536
134400,1182
134500,1099
134600,1075
134700,468
134800,743
134900,1922
135000,545
135100,777
135200,913
135300,500
135400,854
135500,1339
135600,1104
135700,1299
135800,1330
135900,574
136000,1192
136100,1123
136200,911
136300,228
136400,1374
136500,1669
136600,918
136700,652
136800,305
136900,609
137000,1224
137100,689
137200,614
137300,728
137400,634
137500,570
137600,872
137700,420
137800,758
137900,1271
138000,440
138100,1242
138200,1109
138300,1320
138400,592
138500,545
138600,1354
138700,753
138800,309
138900,1026
139000,1398
139100,872
139200,810
139300,1345
139400,536
139500,1064
139600,1003
139700,791
139800,835
139900,705
140000,902
140100,1140
140200,1016
140300,938
140400,1149
140500,752
140600,729
140700,412
140800,88
140900,730
141000,966
141100,849
141200,608
141300,1371
141400,1850
141500,887
141600,1319
141700,718
141800,381
141900,1422
142000,675
142100,1379
142200,1515
142300,1151
142400,854
142500,527
142600,535
142700,626
142800,436
142900,760
143000,482
143100,736
143200,693
143300,1934
143400,1080
143500,375
143600,1078
143700,377
143800,809
143900,402
144000,481
144100,969
144200,1180
144300,487
144400,493
144500,765
144600,1781
144700,1701
144800,1002
144900,1157
145000,1588
145100,357
145200,1375
145300,686
145400,557
145500,1729
145600,1176
145700,846
145800,310
145900,636
146000,1051
146100,1052
146200,1680
146300,1193
146400,702
146500,880
146600,426
146700,1604
146800,1141
146900,936
147000,924
147100,469
147200,634
147300,1048
147400,802
147500,1085
147600,962
147700,731
147800,1063
147900,262
148000,877
148100,1710
148200,1281
148300,955
148400,372
148500,1058
148600,1294
148700,943
148800,716
148900,993
149000,639
149100,429
149200,523
149300,568
149400,1095
149500,1025
149600,389
149700,865
149800,1309
149900,493
150000,759
150100,640
150200,706
150300,627
150400,505
150500,1084
150600,560
150700,342
150800,1443
150900,1073
151000,798
151100,930
151200,859
151300,683
151400,394
151500,433
151600,1105
151700,1151
151800,1208
151900,481
152000,338
152100,511
152200,1115
152300,1091
152400,1108
152500,196
152600,247
152700,1269
152800,717
152900,780
153000,686
153100,894
153200,1137
153300,416
153400,1273
153500,396
153600,567
153700,1120
153800,2205
153900,496
154000,1573
154100,629
154200,498
154300,842
154400,1819
154500,585
154600,910
154700,390
154800,1556
154900,440
155000,676
155100,1631
155200,248
155300,405
155400,841
155500,1254
155600,170
155700,1018
155800,858
155900,716
156000,2129
156100,1364
156200,1278
156300,1976
156400,1495
156500,896
156600,924
156700,1307
156800,871
156900,326
157000,384
157100,910
157200,349
157300,1044
157400,484
157500,363
157600,1055
157700,328
157800,265
157900,750
158000,774
158100,631
158200,815
158300,594
158400,1359
158500,726
158600,1076
158700,1172
158800,143
158900,397
159000,484
159100,103
159200,299
159300,550
159400,460
159500,1623
159600,538
159700,1626
159800,632
159900,538
160000,1295
160100,571
160200,1507
160300,1112
160400,953
160500,833
160600,1031
160700,536
160800,1157
160900,441
161000,503
161100,710
161200,848
161300,1879
161400,1311
161500,880
161600,1544
161700,179
161800,432
161900,539
162000,408
162100,570
162200,849
162300,1925
162400,614
162500,1620
162600,190
162700,443
162800,290
162900,592
163000,1235
163100,973
163200,730
163300,1108
163400,498
163500,635
163600,281
163700,1041
163800,1377
163900,947
164000,796
164100,842
164200,779
164300,1428
164400,316
164500,1239
164600,1014
164700,249
164800,598
164900,632
165000,678
165100,784
165200,814
165300,377
165400,752
165500,981
165600,1294
165700,680
165800,1056
165900,334
166000,943
166100,1326
166200,586
166300,365
166400,880
166500,437
166600,428
166700,1242
166800,556
166900,611
167000,788
167100,539
167200,587
167300,971
167400,468
167500,964
167600,1486
167700,540
167800,1416
167900,574
168000,1082
168100,566
168200,1235
168300,1235
168400,862
168500,487
168600,731
168700,867
168800,406
168900,888
169000,680
169100,633
169200,1270
169300,561
169400,690
169500,707
169600,602
169700,1264
169800,1176
169900,510
170000,734
170100,879
170200,1005
170300,1085
170400,846
170500,1452
170600,764
170700,1478
170800,869
170900,918
171000,1457
171100,951
171200,1126
171300,1256
171400,248
171500,1408
171600,1242
171700,259
171800,468
171900,1079
172000,226
172100,1000
172200,1288
172300,940
172400,768
172500,1706
172600,630
172700,137
172800,594
172900,823
173000,1183
173100,924
173200,1436
173300,1231
173400,1120
173500,1189
173600,599
173700,788
173800,1237
173900,1035
174000,597
174100,197
174200,683
174300,928
174400,669
174500,755
174600,543
174700,1130
174800,1949
174900,919
175000,483
175100,876
175200,1155
175300,1232
175400,263
175500,1715
175600,1007
175700,815
175800,577
175900,501
176000,1138
176100,799
176200,557
176300,482
176400,318
176500,1541
176600,460
176700,1210
176800,478
176900,1767
177000,257
177100,521
177200,652
177300,466
177400,469
177500,360
177600,1361
177700,883
177800,786
177900,572
178000,921
178100,148
178200,1630
178300,793
178400,1602
178500,631
178600,682
178700,1261
178800,290
178900,464
179000,1634
179100,555
179200,559
179300,704
179400,1734
179500,631
179600,1905
179700,942
179800,554
179900,1348
180000,1262
180100,512
180200,226
180300,2660
180400,834
180500,917
180600,915
180700,578
180800,1042
180900,586
181000,711
181100,1307
181200,344
181300,619
181400,841
181500,190
181600,906
181700,557
181800,877
181900,953
182000,1305
182100,1107
182200,342
182300,338
182400,939
182500,1038
182600,1336
182700,1047
182800,1150
182900,921
183000,1026
183100,858
183200,1062
183300,627
183400,1081
183500,451
183600,624
183700,341
183800,299
183900,2033
184000,1725
184100,1116
184200,768
184300,1516
184400,1014
184500,917
184600,608
184700,1527
184800,1032
184900,516
185000,312
185100,1620
185200,457
185300,613
185400,1009
185500,352
185600,604
185700,422
185800,952
185900,520
186000,583
186100,1403
186200,755
186300,1427
186400,1092
186500,675
186600,1311
186700,675
186800,465
186900,549
187000,891
187100,384
187200,761
187300,1283
187400,888
187500,977
187600,642
187700,593
187800,581
187900,409
188000,991
188100,1460
188200,1055
188300,503
188400,910
188500,1272
188600,729
188700,204
188800,1134
188900,739
189000,919
189100,1474
189200,783
189300,220
189400,1310
189500,1160
189600,913
189700,638
189800,436
189900,882
190000,1128
190100,846
190200,704
190300,1293
190400,1528
190500,387
190600,1127
190700,486
190800,1531
190900,695
191000,2197
191100,900
191200,1385
191300,815
191400,1612
191500,1275
191600,889
191700,1067
191800,733
191900,547
192000,860
192100,754
192200,827
192300,309
192400,754
192500,1047
192600,431
192700,1086
192800,724
192900,831
193000,389
193100,283
193200,871
193300,254
193400,666
193500,1316
193600,468
193700,1522
193800,997
193900,782
194000,542
194100,502
194200,286
194300,1298
194400,1462
194500,1957
194600,1137
194700,653
194800,876
194900,914
195000,696
195100,1395
195200,1171
195300,198
195400,387
195500,846
195600,790
195700,905
195800,588
195900,1579
196000,803
196100,1339
196200,567
196300,1531
196400,398
196500,232
196600,1293
196700,982
196800,1218
196900,440
197000,1156
197100,1065
197200,1045
197300,757
197400,1129
197500,1137
197600,1378
197700,693
197800,750
197900,1382
198000,702
198100,514
198200,939
198300,651
198400,286
198500,487
198600,1414
198700,1275
198800,985
198900,493
199000,1494
199100,1027
199200,1335
199300,819
199400,1424
199500,1116
199600,449
199700,653
199800,1260
199900,688
200000,526
200100,649
200200,851
200300,918
200400,580
200500,1409
200600,1160
200700,628
200800,836
200900,706
201000,709
201100,1015
201200,514
201300,1095
201400,801
201500,1181
201600,1701
201700,350
201800,1339
201900,438
202000,1046
202100,599
202200,608
202300,965
202400,464
202500,1198
202600,395
202700,424
202800,1166
202900,631
203000,774
203100,518
203200,704
203300,1368
203400,480
203500,1177
203600,532
203700,410
203800,1318
203900,289
204000,1582
204100,244
204200,1101
204300,554
204400,618
204500,747
204600,766
204700,254
204800,862
204900,1220
205000,1429
205100,883
205200,218
205300,666
205400,511
205500,549
205600,1672
205700,660
205800,1362
205900,696
206000,1328
206100,268
206200,1685
206300,355
206400,1934
206500,970
206600,614
206700,1292
206800,507
206900,1191
207000,1656
207100,710
207200,556
207300,304
207400,572
207500,1107
207600,746
207700,1510
207800,788
207900,570
208000,692
208100,720
208200,614
208300,1005
208400,985
208500,856
208600,482
208700,411
208800,333
208900,797
209000,483
209100,1333
209200,936
209300,681
209400,266
209500,925
209600,659
209700,1206
209800,461
209900,1630
210000,866
210100,501
210200,856
210300,1597
210400,1767
210500,339
210600,610
210700,568
210800,1512
210900,502
211000,850
211100,907
211200,824
212000,1122
213000,764
214000,410
215000,1373
216000,721
217000,538
218000,1135
219000,816
220000,660
221000,2438
222000,539
223000,282
224000,1054
225000,634
226000,515
227000,372
228000,1019
229000,1530
230000,487
231000,486
232000,993
233000,1721
234000,904
235000,658
236000,923
237000,723
238000,285
239000,350
240000,633
241000,807
242000,574
243000,671
244000,656
245000,914
246000,248
247000,1159
248000,784
249000,1077
250000,1035
251000,391
252000,332
253000,901
254000,916
255000,1165
256000,1237
257000,1627
258000,669
259000,1014
260000,1228
261000,628
262000,470
263000,750
264000,322
265000,827
266000,268
267000,1065
268000,747
269000,958
270000,713
271000,1662
272000,731
273000,195
274000,1831
275000,1237
276000,170
277000,386
278000,794
279000,777
280000,183
281000,1075
282000,822
283000,992
284000,1043
285000,638
286000,284
287000,1435
288000,489
289000,590
290000,485
291000,1096
292000,541
293000,759
294000,1249
295000,446
296000,914
297000,801
298000,309
299000,617
300000,773
301000,307
302000,313
303000,824
304000,925
305000,817
306000,1176
307000,1290
308000,540
309000,612
310000,118
311000,957
312000,932
313000,1098
314000,960
315000,787
316000,1177
317000,1150
318000,969
319000,1176
320000,126
321000,1497
322000,981
323000,1209
324000,1061
325000,803
326000,809
327000,1383
328000,1215
329000,1903
330000,667
331000,1199
332000,1023
333000,1134
334000,848
335000,209
336000,1176
337000,350
338000,323
339000,625
340000,902
341000,574
342000,722
343000,689
344000,1211
345000,699
346000,648
347000,285
348000,780
349000,666
350000,638
351000,990
352000,665
353000,1338
354000,497
355000,781
356000,1040
357000,478
358000,2237
359000,1295
360000,1337
361000,541
362000,772
363000,1498
364000,784
365000,1125
366000,1557
367000,743
368000,614
369000,941
370000,955
371000,1081
372000,376
373000,412
374000,1278
375000,1403
376000,558
377000,1431
378000,533
379000,753
380000,969
381000,1609
382000,959
383000,1341
384000,1152
385000,909
386000,1088
387000,1252
388000,787
389000,510
390000,754
391000,1488
392000,951
393000,1111
394000,1344
395000,967
396000,792
397000,1631
398000,403
399000,834
400000,1291
401000,1280
402000,371
403000,724
404000,763
405000,1510
406000,519
407000,862
408000,1113
409000,1908
410000,385
411000,1524
412000,1235
413000,1739
414000,659
415000,866
416000,941
417000,715
418000,1572
419000,1057
420000,368
421000,1693
422000,1293
423000,1121
424000,345
425000,1367
426000,765
427000,1082
428000,1588
429000,451
430000,1834
431000,583
432000,600
433000,578
434000,572
435000,717
436000,1209
437000,1647
438000,197
439000,1497
440000,1799
441000,752
442000,550
443000,1190
444000,1322
445000,479
446000,997
447000,1119
448000,446
449000,1416
450000,1154
451000,569
452000,985
453000,261
454000,1736
455000,1273
456000,1241
457000,523
458000,623
459000,874
460000,310
461000,722
462000,1563
463000,1382
464000,1128
465000,982
466000,1280
467000,506
468000,527
469000,1111
470000,762
471000,443
472000,735
473000,428
474000,806
475000,886
476000,1455
477000,942
478000,1323
479000,616
480000,1494
481000,1093
482000,1055
483000,2174
484000,1214
485000,956
486000,1154
487000,434
488000,517
489000,928
490000,700
491000,493
492000,508
493000,861
494000,1414
495000,1125
496000,1377
497000,1283
498000,836
499000,892
500000,786
501000,1005
502000,721
503000,1548
504000,841
505000,433
506000,768
507000,1962
508000,868
509000,1015
510000,1089
511000,1034
512000,914
513000,1582
514000,1142
515000,695
516000,487
517000,542
518000,622
519000,1070
520000,1168
521000,679
522000,1740
523000,400
524000,628
525000,822
526000,860
527000,937
528000,1923
529000,1563
530000,597
531000,530
532000,1192
533000,952
534000,1312
535000,515
536000,475
537000,1305
538000,765
539000,602
540000,869
541000,1291
542000,644
543000,898
544000,1784
545000,1034
546000,1820
547000,595
548000,898
549000,1227
550000,756
551000,837
552000,1530
553000,824
554000,955
555000,943
556000,1301
557000,488
558000,1009
559000,1157
560000,966
561000,895
562000,773
563000,589
564000,943
565000,422
566000,1412
567000,1025
568000,1877
569000,1173
570000,1089
571000,1233
572000,1324
573000,1808
574000,1270
575000,848
576000,1426
577000,740
578000,831
579000,852
580000,773
581000,1491
582000,1327
583000,1273
584000,433
585000,1350
586000,634
587000,1607
588000,329
589000,1312
590000,631
591000,304
592000,1572
593000,572
594000,1201
595000,1428
596000,2280
597000,1778
598000,1447
599000,1659
600000,1564
601000,807
602000,1376
603000,476
604000,2276
605000,1632
606000,1451
607000,874
608000,1731
609000,2092
610000,1250
611000,1809
612000,3186
613000,1163
614000,669
615000,1005
616000,984
617000,925
618000,527
619000,824
620000,1312
621000,880
622000,856
623000,764
624000,963
625000,1860
626000,824
627000,533
628000,2196
629000,733
630000,1251
631000,311
632000,854
633000,658
634000,1705
635000,1065
636000,649
637000,1863
638000,1593
639000,928
640000,1338
641000,1214
642000,952
643000,1228
644000,970
645000,957
646000,1620
647000,522
648000,1060
649000,1074
650000,442
651000,829
652000,2487
653000,548
654000,604
655000,448
656000,2089
657000,788
658000,635
659000,2340
660000,765
661000,1060
662000,674
663000,1399
664000,642
665000,1349
666000,1360
667000,628
668000,1491
669000,1027
670000,1095
671000,739
672000,793
673000,1315
674000,1084
675000,1002
676000,1611
677000,880
678000,555
679000,741
680000,1335
681000,1615
682000,1974
683000,1159
684000,870
685000,846
686000,722
687000,898
688000,957
689000,1108
690000,1140
691000,528
692000,771
693000,797
694000,2635
695000,752
696000,1263
697000,911
698000,943
699000,1339
700000,868
701000,919
702000,526
703000,1271
704000,1206
705000,900
706000,1098
707000,1186
708000,470
709000,852
710000,889
711000,1123
712000,1378
713000,1223
714000,600
715000,719
716000,885
717000,959
718000,1409
719000,1257
720000,1155
721000,1265
722000,705
723000,907
724000,589
725000,553
726000,1792
727000,2125
728000,866
729000,663
730000,1658
731000,1989
732000,390
733000,1571
734000,755
735000,1250
736000,2356
737000,383
738000,900
739000,1506
740000,566
741000,902
742000,856
743000,505
744000,1055
745000,1370
746000,433
747000,487
748000,1534
749000,1316
750000,448
751000,400
752000,862
753000,872
754000,963
755000,507
756000,574
757000,731
758000,1047
759000,787
760000,515
761000,1443
762000,1201
763000,1310
764000,752
765000,1388
766000,859
767000,1057
768000,776
769000,625
770000,1430
771000,1254
772000,762
773000,896
774000,1079
775000,1319
776000,1809
777000,783
778000,842
779000,1138
780000,622
781000,1476
782000,941
783000,1438
784000,983
785000,878
786000,1647
787000,969
788000,1285
789000,1190
790000,677
791000,1183
792000,1569
793000,1965
794000,870
795000,1225
796000,1118
797000,1489
798000,2010
799000,914
800000,513
801000,962
802000,938
803000,565
804000,767
805000,940
806000,934
807000,484
808000,680
809000,1105
810000,1189
811000,1248
812000,1213
813000,986
814000,828
815000,577
816000,1829
817000,1743
818000,1176
819000,1384
820000,544
821000,1592
822000,677
823000,1409
824000,1466
825000,1558
826000,680
827000,968
828000,1222
829000,1155
830000,1735
831000,1423
832000,900
833000,1329
834000,970
835000,1217
836000,1473
837000,1043
838000,723
839000,1475
840000,698
841000,952
842000,1234
843000,801
844000,1261
845000,559
846000,803
847000,1009
848000,1026
849000,509
850000,1804
851000,1678
852000,1374
853000,1643
854000,696
855000,1514
856000,1190
857000,1841
858000,1555
859000,1162
860000,1319
861000,1675
862000,1436
863000,1759
864000,822
865000,1360
866000,825
867000,1180
868000,514
869000,1530
870000,878
871000,1286
872000,1106
873000,853
874000,1290
875000,675
876000,611
877000,1101
878000,945
879000,1064
880000,1055
881000,1309
882000,977
883000,1583
884000,1428
885000,1215
886000,2196
887000,3068
888000,1749
889000,1544
890000,1202
891000,1531
892000,1302
893000,562
894000,769
895000,1199
896000,449
897000,1094
898000,921
899000,1302
900000,1191
901000,1177
902000,1003
903000,1257
904000,621
905000,917
906000,998
907000,1155
908000,1356
909000,1358
910000,754
911000,1338
912000,894
913000,744
914000,1448
915000,926
916000,486
917000,1584
918000,1120
919000,1345
920000,922
921000,815
922000,1536
923000,772
924000,1012
925000,1030